,DateTime,Close,WAP,Volume,High,Low,Time Received,Date,match
0,20220412  04:00:00,13.34,14.01902,2345,15.02,13.1,2022-05-08 21:58:58.573232,2022-04-12,False
1,20220412  04:15:00,12.8,13.07103,982,13.34,12.77,2022-05-08 21:58:58.573232,2022-04-12,True
2,20220412  04:30:00,12.69,12.72944,705,12.91,12.53,2022-05-08 21:58:58.573232,2022-04-12,True
3,20220412  04:45:00,12.57,12.62943,582,12.7,12.53,2022-05-08 21:58:58.573232,2022-04-12,True
4,20220412  05:00:00,12.5,12.57014,516,12.7,12.42,2022-05-08 21:58:58.573232,2022-04-12,True
5,20220412  05:15:00,12.81,12.70343,1029,12.99,12.36,2022-05-08 21:58:58.573232,2022-04-12,True
6,20220412  05:30:00,12.81,12.74868,505,12.9,12.65,2022-05-08 21:58:58.573232,2022-04-12,True
7,20220412  05:45:00,13.08,13.13111,954,13.35,12.8,2022-05-08 21:58:58.573232,2022-04-12,True
8,20220412  06:00:00,13.04,13.07091,523,13.2,13.01,2022-05-08 21:58:58.573232,2022-04-12,True
9,20220412  06:15:00,13.9,13.50979,1065,13.96,13.04,2022-05-08 21:58:58.573232,2022-04-12,True
10,20220412  06:30:00,14.14,14.14535,2790,14.5,13.8,2022-05-08 21:58:58.573232,2022-04-12,True
11,20220412  06:45:00,14.0,14.09585,1635,14.35,13.87,2022-05-08 21:58:58.574229,2022-04-12,True
12,20220412  07:00:00,15.11,14.90281,10325,15.35,13.57,2022-05-08 21:58:58.574229,2022-04-12,True
13,20220412  07:15:00,14.0,14.43467,6859,15.2,13.75,2022-05-08 21:58:58.574229,2022-04-12,True
14,20220412  07:30:00,13.62,13.83549,5401,14.24,13.48,2022-05-08 21:58:58.574229,2022-04-12,True
15,20220412  07:45:00,13.7,13.72415,2859,13.95,13.51,2022-05-08 21:58:58.574229,2022-04-12,True
16,20220412  08:00:00,13.4,13.97397,16143,14.74,13.38,2022-05-08 21:58:58.574229,2022-04-12,True
17,20220412  08:15:00,12.9,13.154,10648,13.57,12.74,2022-05-08 21:58:58.574229,2022-04-12,True
18,20220412  08:30:00,13.65,13.34313,11308,13.81,12.82,2022-05-08 21:58:58.574229,2022-04-12,True
19,20220412  08:45:00,13.05,13.40786,6543,13.9,13.02,2022-05-08 21:58:58.574229,2022-04-12,True
20,20220412  09:00:00,13.87,13.82246,13605,14.19,13.03,2022-05-08 21:58:58.574229,2022-04-12,True
21,20220412  09:15:00,13.6,13.8707,12237,14.22,13.53,2022-05-08 21:58:58.574229,2022-04-12,True
22,20220412  09:30:00,12.0899,12.90005,132174,13.87,12.02,2022-05-08 21:58:58.574229,2022-04-12,True
23,20220412  09:45:00,11.3799,11.66831,72735,12.29,11.13,2022-05-08 21:58:58.574229,2022-04-12,True
24,20220412  10:00:00,11.0899,11.14352,58736,11.55,10.81,2022-05-08 21:58:58.574229,2022-04-12,True
25,20220412  10:15:00,11.1601,11.184,50100,11.45,10.87,2022-05-08 21:58:58.575226,2022-04-12,True
26,20220412  10:30:00,10.29,10.64304,51603,11.21,10.28,2022-05-08 21:58:58.575226,2022-04-12,True
27,20220412  10:45:00,10.6803,10.50364,37821,10.82,10.22,2022-05-08 21:58:58.575226,2022-04-12,True
28,20220412  11:00:00,10.21,10.22812,37771,10.695,9.93,2022-05-08 21:58:58.575226,2022-04-12,True
29,20220412  11:15:00,10.34,10.24289,19345,10.41,10.1,2022-05-08 21:58:58.575226,2022-04-12,True
30,20220412  11:30:00,10.66,10.54674,23117,10.71,10.29,2022-05-08 21:58:58.575226,2022-04-12,True
31,20220412  11:45:00,10.455,10.56926,18519,10.79,10.39,2022-05-08 21:58:58.575226,2022-04-12,True
32,20220412  12:00:00,10.415,10.25064,18737,10.455,10.13,2022-05-08 21:58:58.575226,2022-04-12,True
33,20220412  12:15:00,10.2701,10.31765,11159,10.44,10.13,2022-05-08 21:58:58.575226,2022-04-12,True
34,20220412  12:30:00,10.0788,10.19854,9435,10.31,10.05,2022-05-08 21:58:58.575226,2022-04-12,True
35,20220412  12:45:00,9.9645,9.89662,24554,10.11,9.77,2022-05-08 21:58:58.575226,2022-04-12,True
36,20220412  13:00:00,10.205,10.1489,15539,10.36,9.96,2022-05-08 21:58:58.575226,2022-04-12,True
37,20220412  13:15:00,10.2592,10.15463,9205,10.28,10.07,2022-05-08 21:58:58.575226,2022-04-12,True
38,20220412  13:30:00,10.1,10.14679,7551,10.26,10.07,2022-05-08 21:58:58.576223,2022-04-12,True
39,20220412  13:45:00,10.32,10.19282,9223,10.33,10.04,2022-05-08 21:58:58.576223,2022-04-12,True
40,20220412  14:00:00,9.9385,10.08046,11495,10.34,9.9,2022-05-08 21:58:58.576223,2022-04-12,True
41,20220412  14:15:00,9.89,9.88455,8539,9.98,9.8,2022-05-08 21:58:58.576223,2022-04-12,True
42,20220412  14:30:00,9.7687,9.80468,8099,9.8802,9.7402,2022-05-08 21:58:58.576223,2022-04-12,True
43,20220412  14:45:00,9.93,9.97465,15718,10.1999,9.7,2022-05-08 21:58:58.576223,2022-04-12,True
44,20220412  15:00:00,9.6215,9.75647,13456,9.935,9.6,2022-05-08 21:58:58.576223,2022-04-12,True
45,20220412  15:15:00,9.68,9.72618,9508,9.82,9.62,2022-05-08 21:58:58.576223,2022-04-12,True
46,20220412  15:30:00,9.96,9.91442,19860,10.05,9.6401,2022-05-08 21:58:58.576223,2022-04-12,True
47,20220412  15:45:00,10.0185,10.01376,20195,10.19,9.88,2022-05-08 21:58:58.576223,2022-04-12,True
48,20220412  16:00:00,10.38,10.14244,5647,10.42,9.9,2022-05-08 21:58:58.576223,2022-04-12,True
49,20220412  16:15:00,10.45,10.40575,2696,10.5,10.28,2022-05-08 21:58:58.576223,2022-04-12,True
50,20220412  16:30:00,10.37,10.39253,671,10.45,10.34,2022-05-08 21:58:58.576223,2022-04-12,True
51,20220412  16:45:00,10.58,10.56083,2518,10.66,10.35,2022-05-08 21:58:58.576223,2022-04-12,True
52,20220412  17:00:00,10.42,10.46062,1095,10.58,10.37,2022-05-08 21:58:58.576223,2022-04-12,True
53,20220412  17:15:00,10.43,10.46794,514,10.54,10.4,2022-05-08 21:58:58.577220,2022-04-12,True
54,20220412  17:30:00,10.4,10.33028,918,10.45,10.22,2022-05-08 21:58:58.577220,2022-04-12,True
55,20220412  17:45:00,10.32,10.33992,392,10.4,10.26,2022-05-08 21:58:58.577220,2022-04-12,True
56,20220412  18:00:00,10.35,10.306,294,10.36,10.28,2022-05-08 21:58:58.577220,2022-04-12,True
57,20220412  18:15:00,10.23,10.27783,251,10.36,10.23,2022-05-08 21:58:58.577220,2022-04-12,True
58,20220412  18:30:00,10.31,10.25723,238,10.37,10.21,2022-05-08 21:58:58.577220,2022-04-12,True
59,20220412  18:45:00,10.29,10.30816,43,10.35,10.25,2022-05-08 21:58:58.577220,2022-04-12,True
60,20220412  19:00:00,10.25,10.27863,154,10.34,10.25,2022-05-08 21:58:58.577220,2022-04-12,True
61,20220412  19:15:00,10.25,10.2682,215,10.28,10.25,2022-05-08 21:58:58.577220,2022-04-12,True
62,20220412  19:30:00,10.2299,10.26111,193,10.28,10.22,2022-05-08 21:58:58.577220,2022-04-12,True
63,20220412  19:45:00,10.27,10.24301,927,10.3,10.15,2022-05-08 21:58:58.577220,2022-04-12,True
64,20220413  04:00:00,9.83,10.03216,403,10.48,9.8,2022-05-08 21:58:58.577220,2022-04-13,False
65,20220413  04:15:00,9.78,9.85938,148,10.01,9.72,2022-05-08 21:58:58.577220,2022-04-13,True
66,20220413  04:30:00,9.84,9.76285,191,9.86,9.7,2022-05-08 21:58:58.577220,2022-04-13,True
67,20220413  04:45:00,9.95,9.853,44,9.97,9.83,2022-05-08 21:58:58.577220,2022-04-13,True
68,20220413  05:00:00,9.96,9.93303,14,9.99,9.91,2022-05-08 21:58:58.577220,2022-04-13,True
69,20220413  05:15:00,9.9,9.89893,32,9.93,9.85,2022-05-08 21:58:58.577220,2022-04-13,True
70,20220413  05:30:00,10.12,10.21452,254,10.45,9.83,2022-05-08 21:58:58.578216,2022-04-13,True
71,20220413  05:45:00,10.22,10.20432,14,10.23,10.14,2022-05-08 21:58:58.578216,2022-04-13,True
72,20220413  06:00:00,10.19,10.18218,30,10.22,10.16,2022-05-08 21:58:58.578216,2022-04-13,True
73,20220413  06:15:00,10.1,10.11857,13,10.18,10.04,2022-05-08 21:58:58.578216,2022-04-13,True
74,20220413  06:30:00,10.22,10.2016,70,10.32,10.02,2022-05-08 21:58:58.578216,2022-04-13,True
75,20220413  06:45:00,10.28,10.23649,45,10.28,10.22,2022-05-08 21:58:58.578216,2022-04-13,True
76,20220413  07:00:00,9.95,10.0753,420,10.28,9.95,2022-05-08 21:58:58.578216,2022-04-13,True
77,20220413  07:15:00,10.01,9.99299,230,10.01,9.93,2022-05-08 21:58:58.578216,2022-04-13,True
78,20220413  07:30:00,10.07,10.05513,189,10.16,9.99,2022-05-08 21:58:58.578216,2022-04-13,True
79,20220413  07:45:00,10.03,10.09311,159,10.15,10.02,2022-05-08 21:58:58.578216,2022-04-13,True
80,20220413  08:00:00,10.05,10.0509,1122,10.275,9.9501,2022-05-08 21:58:58.578216,2022-04-13,True
81,20220413  08:15:00,10.15,10.16241,725,10.24,10.01,2022-05-08 21:58:58.578216,2022-04-13,True
82,20220413  08:30:00,10.94,10.69804,6442,11.07,10.12,2022-05-08 21:58:58.578216,2022-04-13,True
83,20220413  08:45:00,10.71,10.73755,8505,10.95,10.6,2022-05-08 21:58:58.578216,2022-04-13,True
84,20220413  09:00:00,10.53,10.52201,4561,10.73,10.36,2022-05-08 21:58:58.578216,2022-04-13,True
85,20220413  09:15:00,10.52,10.53247,3072,10.7,10.37,2022-05-08 21:58:58.578216,2022-04-13,True
86,20220413  09:30:00,9.9892,10.27645,39678,10.67,9.94,2022-05-08 21:58:58.578216,2022-04-13,True
87,20220413  09:45:00,10.6101,10.42983,51032,10.7,9.99,2022-05-08 21:58:58.578216,2022-04-13,True
88,20220413  10:00:00,11.26,11.21149,139966,11.65,10.59,2022-05-08 21:58:58.578216,2022-04-13,True
89,20220413  10:15:00,11.8589,11.72915,146672,12.0,11.27,2022-05-08 21:58:58.578216,2022-04-13,True
90,20220413  10:30:00,11.6899,11.61148,71316,11.93,11.36,2022-05-08 21:58:58.578216,2022-04-13,True
91,20220413  10:45:00,11.6375,11.84189,95175,12.25,11.37,2022-05-08 21:58:58.579214,2022-04-13,True
92,20220413  11:00:00,11.33,11.43193,48133,11.68,11.21,2022-05-08 21:58:58.579214,2022-04-13,True
93,20220413  11:15:00,11.41,11.31446,31165,11.49,11.12,2022-05-08 21:58:58.579214,2022-04-13,True
94,20220413  11:30:00,11.33,11.19912,32687,11.5499,11.05,2022-05-08 21:58:58.579214,2022-04-13,True
95,20220413  11:45:00,11.68,11.56244,42637,11.85,11.32,2022-05-08 21:58:58.579214,2022-04-13,True
96,20220413  12:00:00,11.315,11.4962,34053,11.78,11.22,2022-05-08 21:58:58.579214,2022-04-13,True
97,20220413  12:15:00,11.645,11.45078,24241,11.8099,11.15,2022-05-08 21:58:58.579214,2022-04-13,True
98,20220413  12:30:00,11.7699,11.7953,42842,11.97,11.61,2022-05-08 21:58:58.579214,2022-04-13,True
99,20220413  12:45:00,11.73,11.6727,25680,11.8499,11.53,2022-05-08 21:58:58.579214,2022-04-13,True
100,20220413  13:00:00,11.81,12.11144,69258,12.45,11.7,2022-05-08 21:58:58.579214,2022-04-13,True
101,20220413  13:15:00,11.8794,11.85731,28985,11.97,11.73,2022-05-08 21:58:58.579214,2022-04-13,True
102,20220413  13:30:00,12.15,11.8969,34698,12.21,11.61,2022-05-08 21:58:58.579214,2022-04-13,True
103,20220413  13:45:00,11.8,12.11386,65538,12.6,11.67,2022-05-08 21:58:58.579214,2022-04-13,True
104,20220413  14:00:00,11.91,11.96107,35918,12.18,11.77,2022-05-08 21:58:58.579214,2022-04-13,True
105,20220413  14:15:00,12.0893,12.0403,34496,12.24,11.83,2022-05-08 21:58:58.579214,2022-04-13,True
106,20220413  14:30:00,12.014,12.05412,25770,12.19,11.91,2022-05-08 21:58:58.579214,2022-04-13,True
107,20220413  14:45:00,12.175,12.10303,27618,12.24,11.97,2022-05-08 21:58:58.579214,2022-04-13,True
108,20220413  15:00:00,12.9214,12.62066,98773,13.0,12.14,2022-05-08 21:58:58.579214,2022-04-13,True
109,20220413  15:15:00,13.3711,13.35372,127532,13.74,12.87,2022-05-08 21:58:58.579214,2022-04-13,True
110,20220413  15:30:00,13.74,13.93183,119183,14.5,13.37,2022-05-08 21:58:58.579214,2022-04-13,True
111,20220413  15:45:00,14.3,14.07725,104458,14.34,13.73,2022-05-08 21:58:58.579214,2022-04-13,True
112,20220413  16:00:00,15.42,14.84665,33014,15.5,14.21,2022-05-08 21:58:58.580211,2022-04-13,True
113,20220413  16:15:00,15.76,15.74139,25767,16.25,15.25,2022-05-08 21:58:58.580211,2022-04-13,True
114,20220413  16:30:00,15.37,15.52171,13658,15.88,15.16,2022-05-08 21:58:58.580211,2022-04-13,True
115,20220413  16:45:00,15.29,15.39863,7818,15.65,15.15,2022-05-08 21:58:58.580211,2022-04-13,True
116,20220413  17:00:00,16.46,15.98139,16348,16.5,15.26,2022-05-08 21:58:58.580211,2022-04-13,True
117,20220413  17:15:00,16.33,16.44381,14310,16.68,16.26,2022-05-08 21:58:58.580211,2022-04-13,True
118,20220413  17:30:00,16.49,16.55959,13790,16.78,16.23,2022-05-08 21:58:58.580211,2022-04-13,True
119,20220413  17:45:00,15.97,16.28933,5789,16.49,15.92,2022-05-08 21:58:58.580211,2022-04-13,True
120,20220413  18:00:00,15.75,16.03005,4730,16.2,15.75,2022-05-08 21:58:58.580211,2022-04-13,True
121,20220413  18:15:00,15.81,15.75987,3421,15.88,15.6501,2022-05-08 21:58:58.580211,2022-04-13,True
122,20220413  18:30:00,15.7,15.7545,1884,15.88,15.57,2022-05-08 21:58:58.580211,2022-04-13,True
123,20220413  18:45:00,15.68,15.61795,1761,15.75,15.53,2022-05-08 21:58:58.580211,2022-04-13,True
124,20220413  19:00:00,15.82,15.74925,1988,15.9,15.61,2022-05-08 21:58:58.580211,2022-04-13,True
125,20220413  19:15:00,15.8,15.78447,1916,15.93,15.62,2022-05-08 21:58:58.580211,2022-04-13,True
126,20220413  19:30:00,15.7301,15.76686,1286,15.92,15.7,2022-05-08 21:58:58.580211,2022-04-13,True
127,20220413  19:45:00,15.5,15.52055,4302,15.78,15.36,2022-05-08 21:58:58.580211,2022-04-13,True
128,20220414  04:00:00,15.645,15.84147,1882,16.4,15.4,2022-05-08 21:58:58.580211,2022-04-14,False
129,20220414  04:15:00,15.51,15.53611,611,15.69,15.44,2022-05-08 21:58:58.580211,2022-04-14,True
130,20220414  04:30:00,16.0,15.96129,853,16.15,15.55,2022-05-08 21:58:58.580211,2022-04-14,True
131,20220414  04:45:00,15.98,15.97006,138,16.01,15.9,2022-05-08 21:58:58.580211,2022-04-14,True
132,20220414  05:00:00,15.925,16.02963,563,16.24,15.76,2022-05-08 21:58:58.580211,2022-04-14,True
133,20220414  05:15:00,16.0,15.98845,165,16.07,15.92,2022-05-08 21:58:58.580211,2022-04-14,True
134,20220414  05:30:00,15.63,15.70509,516,16.03,15.57,2022-05-08 21:58:58.580211,2022-04-14,True
135,20220414  05:45:00,15.64,15.48403,595,15.755,15.3,2022-05-08 21:58:58.581208,2022-04-14,True
136,20220414  06:00:00,15.23,15.34258,552,15.63,15.15,2022-05-08 21:58:58.581208,2022-04-14,True
137,20220414  06:15:00,15.09,14.91884,1399,15.22,14.64,2022-05-08 21:58:58.581208,2022-04-14,True
138,20220414  06:30:00,15.1,15.04588,497,15.25,14.7,2022-05-08 21:58:58.581208,2022-04-14,True
139,20220414  06:45:00,15.15,15.10178,281,15.23,14.81,2022-05-08 21:58:58.581208,2022-04-14,True
140,20220414  07:00:00,14.83,14.83286,5871,15.29,14.51,2022-05-08 21:58:58.581208,2022-04-14,True
141,20220414  07:15:00,14.88,14.77862,3964,15.14,14.41,2022-05-08 21:58:58.581208,2022-04-14,True
142,20220414  07:30:00,15.11,15.35782,5368,15.72,14.75,2022-05-08 21:58:58.581208,2022-04-14,True
143,20220414  07:45:00,15.41,15.27781,4151,15.61,14.96,2022-05-08 21:58:58.581208,2022-04-14,True
144,20220414  08:00:00,15.3,15.16358,12379,15.73,14.42,2022-05-08 21:58:58.581208,2022-04-14,True
145,20220414  08:15:00,16.12,15.74405,8908,16.25,15.27,2022-05-08 21:58:58.581208,2022-04-14,True
146,20220414  08:30:00,15.79,16.13692,15720,16.62,15.76,2022-05-08 21:58:58.581208,2022-04-14,True
147,20220414  08:45:00,15.45,15.47269,10016,15.87,15.25,2022-05-08 21:58:58.581208,2022-04-14,True
148,20220414  09:00:00,15.45,15.48964,8813,15.75,15.3,2022-05-08 21:58:58.581208,2022-04-14,True
149,20220414  09:15:00,15.46,15.54991,11393,15.73,15.33,2022-05-08 21:58:58.581208,2022-04-14,True
150,20220414  09:30:00,14.06,15.28968,176100,16.3364,14.06,2022-05-08 21:58:58.581208,2022-04-14,True
151,20220414  09:45:00,14.0,13.74947,109453,14.25,13.2,2022-05-08 21:58:58.581208,2022-04-14,True
152,20220414  10:00:00,14.55,14.2763,80503,14.67,13.84,2022-05-08 21:58:58.581208,2022-04-14,True
153,20220414  10:15:00,16.9724,15.97436,139869,17.5,14.46,2022-05-08 21:58:58.581208,2022-04-14,True
154,20220414  10:30:00,15.94,16.20104,110450,17.19,15.7,2022-05-08 21:58:58.581208,2022-04-14,True
155,20220414  10:45:00,15.82,15.91769,86949,16.5499,15.28,2022-05-08 21:58:58.581208,2022-04-14,True
156,20220414  11:00:00,15.9515,15.92321,67304,16.3999,15.43,2022-05-08 21:58:58.581208,2022-04-14,True
157,20220414  11:15:00,15.8528,15.90329,63167,16.3,15.56,2022-05-08 21:58:58.581208,2022-04-14,True
158,20220414  11:30:00,14.95,15.63647,100929,16.75,14.7,2022-05-08 21:58:58.582206,2022-04-14,True
159,20220414  11:45:00,14.9392,14.92889,36364,15.19,14.66,2022-05-08 21:58:58.582206,2022-04-14,True
160,20220414  12:00:00,13.79,14.32115,59261,14.989,13.51,2022-05-08 21:58:58.582206,2022-04-14,True
161,20220414  12:15:00,14.0099,13.89517,33917,14.07,13.66,2022-05-08 21:58:58.582206,2022-04-14,True
162,20220414  12:30:00,14.4599,14.28706,34741,14.66,13.92,2022-05-08 21:58:58.582206,2022-04-14,True
163,20220414  12:45:00,14.32,14.37481,29026,14.55,14.21,2022-05-08 21:58:58.582206,2022-04-14,True
164,20220414  13:00:00,14.6801,14.49471,38598,14.79,14.1,2022-05-08 21:58:58.582206,2022-04-14,True
165,20220414  13:15:00,14.985,15.01564,52165,15.23,14.6,2022-05-08 21:58:58.582206,2022-04-14,True
166,20220414  13:30:00,14.69,14.66617,28441,15.015,14.31,2022-05-08 21:58:58.582206,2022-04-14,True
167,20220414  13:45:00,14.7001,14.69233,28779,15.0,14.3,2022-05-08 21:58:58.582206,2022-04-14,True
168,20220414  14:00:00,14.885,14.74718,24787,14.9225,14.5299,2022-05-08 21:58:58.582206,2022-04-14,True
169,20220414  14:15:00,14.16,14.35591,33826,14.9,13.91,2022-05-08 21:58:58.582206,2022-04-14,True
170,20220414  14:30:00,13.99,13.99676,26520,14.26,13.61,2022-05-08 21:58:58.582206,2022-04-14,True
171,20220414  14:45:00,13.76,13.71066,24802,14.095,13.4,2022-05-08 21:58:58.582206,2022-04-14,True
172,20220414  15:00:00,13.8999,13.86652,17603,14.09,13.71,2022-05-08 21:58:58.582206,2022-04-14,True
173,20220414  15:15:00,14.28,14.35267,40507,14.74,13.78,2022-05-08 21:58:58.582206,2022-04-14,True
174,20220414  15:30:00,14.875,14.65662,40418,15.03,14.27,2022-05-08 21:58:58.582206,2022-04-14,True
175,20220414  15:45:00,14.94,14.7986,48129,15.0,14.46,2022-05-08 21:58:58.582206,2022-04-14,True
176,20220414  16:00:00,15.0,15.00939,8558,15.19,14.83,2022-05-08 21:58:58.582206,2022-04-14,True
177,20220414  16:15:00,14.9,14.88946,3169,15.01,14.72,2022-05-08 21:58:58.582206,2022-04-14,True
178,20220414  16:30:00,15.18,15.34398,8715,15.65,14.82,2022-05-08 21:58:58.582206,2022-04-14,True
179,20220414  16:45:00,15.14,15.20416,2780,15.29,15.07,2022-05-08 21:58:58.583203,2022-04-14,True
180,20220414  17:00:00,15.0,15.03015,1679,15.18,14.95,2022-05-08 21:58:58.583203,2022-04-14,True
181,20220414  17:15:00,14.97,14.99275,1368,15.07,14.95,2022-05-08 21:58:58.583203,2022-04-14,True
182,20220414  17:30:00,14.86,14.9101,989,14.97,14.82,2022-05-08 21:58:58.583203,2022-04-14,True
183,20220414  17:45:00,14.56,14.69646,1222,14.9,14.55,2022-05-08 21:58:58.583203,2022-04-14,True
184,20220414  18:00:00,14.63,14.68637,1024,14.82,14.55,2022-05-08 21:58:58.583203,2022-04-14,True
185,20220414  18:15:00,14.65,14.728,527,14.81,14.63,2022-05-08 21:58:58.583203,2022-04-14,True
186,20220414  18:30:00,14.72,14.72714,164,14.77,14.7,2022-05-08 21:58:58.583203,2022-04-14,True
187,20220414  18:45:00,14.65,14.69594,290,14.76,14.65,2022-05-08 21:58:58.583203,2022-04-14,True
188,20220414  19:00:00,14.75,14.71698,500,14.84,14.63,2022-05-08 21:58:58.583203,2022-04-14,True
189,20220414  19:15:00,14.79,14.80487,439,14.85,14.71,2022-05-08 21:58:58.583203,2022-04-14,True
190,20220414  19:30:00,14.77,14.76231,306,14.85,14.7,2022-05-08 21:58:58.583203,2022-04-14,True
191,20220414  19:45:00,14.56,14.62755,1199,14.8,14.53,2022-05-08 21:58:58.583203,2022-04-14,True
192,20220418  04:00:00,14.32,14.35868,170,15.0,14.11,2022-05-08 21:58:58.583203,2022-04-18,False
193,20220418  04:15:00,14.44,14.51286,209,14.81,14.35,2022-05-08 21:58:58.583203,2022-04-18,True
194,20220418  04:30:00,14.47,14.50359,26,14.55,14.47,2022-05-08 21:58:58.583203,2022-04-18,True
195,20220418  04:45:00,14.46,14.54617,27,14.6,14.46,2022-05-08 21:58:58.583203,2022-04-18,True
196,20220418  05:00:00,14.3,14.35434,54,14.47,14.3,2022-05-08 21:58:58.583203,2022-04-18,True
197,20220418  05:15:00,14.25,14.27007,94,14.31,14.25,2022-05-08 21:58:58.583203,2022-04-18,True
198,20220418  05:30:00,14.09,14.14095,108,14.26,14.06,2022-05-08 21:58:58.583203,2022-04-18,True
199,20220418  05:45:00,14.15,14.08318,105,14.15,14.05,2022-05-08 21:58:58.583203,2022-04-18,True
200,20220418  06:00:00,14.17,14.20434,70,14.32,14.12,2022-05-08 21:58:58.583203,2022-04-18,True
201,20220418  06:15:00,14.35,14.26404,29,14.35,14.17,2022-05-08 21:58:58.583203,2022-04-18,True
202,20220418  06:30:00,14.35,14.38111,37,14.4,14.29,2022-05-08 21:58:58.584200,2022-04-18,True
203,20220418  06:45:00,14.2,14.21178,133,14.32,14.15,2022-05-08 21:58:58.584200,2022-04-18,True
204,20220418  07:00:00,14.05,14.16157,1091,14.48,13.8,2022-05-08 21:58:58.584200,2022-04-18,True
205,20220418  07:15:00,13.97,13.96536,963,14.1,13.85,2022-05-08 21:58:58.584200,2022-04-18,True
206,20220418  07:30:00,13.95,13.95628,639,14.04,13.87,2022-05-08 21:58:58.584200,2022-04-18,True
207,20220418  07:45:00,13.86,13.85926,746,14.0,13.66,2022-05-08 21:58:58.584200,2022-04-18,True
208,20220418  08:00:00,13.79,13.95489,3052,14.4899,13.65,2022-05-08 21:58:58.584200,2022-04-18,True
209,20220418  08:15:00,13.56,13.65186,1102,13.79,13.56,2022-05-08 21:58:58.584200,2022-04-18,True
210,20220418  08:30:00,13.8,13.7832,1005,13.88,13.58,2022-05-08 21:58:58.584200,2022-04-18,True
211,20220418  08:45:00,14.18,13.88077,829,14.23,13.7,2022-05-08 21:58:58.584200,2022-04-18,True
212,20220418  09:00:00,14.1,14.0472,1867,14.25,13.83,2022-05-08 21:58:58.584200,2022-04-18,True
213,20220418  09:15:00,13.6,13.82877,1846,14.13,13.51,2022-05-08 21:58:58.584200,2022-04-18,True
214,20220418  09:30:00,13.735,13.93075,39019,14.45,13.51,2022-05-08 21:58:58.584200,2022-04-18,True
215,20220418  09:45:00,13.39,13.42538,27682,13.88,13.11,2022-05-08 21:58:58.584200,2022-04-18,True
216,20220418  10:00:00,13.05,13.12155,20605,13.605,12.82,2022-05-08 21:58:58.584200,2022-04-18,True
217,20220418  10:15:00,13.18,13.16885,14184,13.43,12.83,2022-05-08 21:58:58.584200,2022-04-18,True
218,20220418  10:30:00,13.58,13.54268,18566,13.8,13.05,2022-05-08 21:58:58.584200,2022-04-18,True
219,20220418  10:45:00,13.24,13.39614,9627,13.66,13.2101,2022-05-08 21:58:58.584200,2022-04-18,True
220,20220418  11:00:00,13.05,13.18831,8268,13.4,13.05,2022-05-08 21:58:58.584200,2022-04-18,True
221,20220418  11:15:00,13.32,13.16174,9461,13.33,13.04,2022-05-08 21:58:58.584200,2022-04-18,True
222,20220418  11:30:00,13.3075,13.31693,6121,13.45,13.21,2022-05-08 21:58:58.584200,2022-04-18,True
223,20220418  11:45:00,13.2506,13.1755,5964,13.32,13.055,2022-05-08 21:58:58.584200,2022-04-18,True
224,20220418  12:00:00,12.95,13.19589,8904,13.4,12.95,2022-05-08 21:58:58.585198,2022-04-18,True
225,20220418  12:15:00,13.005,12.97344,5231,13.06,12.91,2022-05-08 21:58:58.585198,2022-04-18,True
226,20220418  12:30:00,13.08,13.01115,5323,13.13,12.86,2022-05-08 21:58:58.585198,2022-04-18,True
227,20220418  12:45:00,13.12,13.07504,4687,13.19,12.97,2022-05-08 21:58:58.585198,2022-04-18,True
228,20220418  13:00:00,13.2,13.2561,6747,13.38,13.11,2022-05-08 21:58:58.585198,2022-04-18,True
229,20220418  13:15:00,13.09,13.09792,5251,13.2094,13.02,2022-05-08 21:58:58.585198,2022-04-18,True
230,20220418  13:30:00,13.0784,13.11382,6583,13.21,13.025,2022-05-08 21:58:58.585198,2022-04-18,True
231,20220418  13:45:00,13.05,13.01593,5029,13.09,12.95,2022-05-08 21:58:58.585198,2022-04-18,True
232,20220418  14:00:00,12.74,12.88752,7732,13.13,12.69,2022-05-08 21:58:58.585198,2022-04-18,True
233,20220418  14:15:00,12.6,12.62079,10959,12.75,12.55,2022-05-08 21:58:58.585198,2022-04-18,True
234,20220418  14:30:00,12.45,12.56529,9076,12.79,12.4065,2022-05-08 21:58:58.585198,2022-04-18,True
235,20220418  14:45:00,12.55,12.46776,5788,12.64,12.33,2022-05-08 21:58:58.585198,2022-04-18,True
236,20220418  15:00:00,12.505,12.54884,5675,12.73,12.4,2022-05-08 21:58:58.585198,2022-04-18,True
237,20220418  15:15:00,12.05,12.18837,10722,12.5093,12.01,2022-05-08 21:58:58.585198,2022-04-18,True
238,20220418  15:30:00,11.85,11.96182,12077,12.1,11.82,2022-05-08 21:58:58.585198,2022-04-18,True
239,20220418  15:45:00,11.89,11.76044,15847,11.955,11.55,2022-05-08 21:58:58.585198,2022-04-18,True
240,20220418  16:00:00,11.89,11.88535,2454,11.9,11.7,2022-05-08 21:58:58.585198,2022-04-18,True
241,20220418  16:15:00,11.8,11.88287,531,11.99,11.78,2022-05-08 21:58:58.585198,2022-04-18,True
242,20220418  16:30:00,11.8,11.8564,213,11.97,11.74,2022-05-08 21:58:58.585198,2022-04-18,True
243,20220418  16:45:00,11.8501,11.8649,168,11.95,11.72,2022-05-08 21:58:58.585198,2022-04-18,True
244,20220418  17:00:00,12.0,11.86736,185,12.0,11.75,2022-05-08 21:58:58.585198,2022-04-18,True
245,20220418  17:15:00,11.94,11.92149,113,12.0,11.84,2022-05-08 21:58:58.585198,2022-04-18,True
246,20220418  17:30:00,11.94,11.96154,64,11.99,11.9,2022-05-08 21:58:58.585198,2022-04-18,True
247,20220418  17:45:00,11.95,11.93464,28,11.98,11.9,2022-05-08 21:58:58.586195,2022-04-18,True
248,20220418  18:00:00,11.95,11.95096,107,11.97,11.92,2022-05-08 21:58:58.586195,2022-04-18,True
249,20220418  18:15:00,12.08,12.02063,140,12.08,11.91,2022-05-08 21:58:58.586195,2022-04-18,True
250,20220418  18:30:00,12.06,12.0689,81,12.08,12.05,2022-05-08 21:58:58.586195,2022-04-18,True
251,20220418  18:45:00,12.03,12.03669,108,12.08,12.01,2022-05-08 21:58:58.586195,2022-04-18,True
252,20220418  19:00:00,12.09,12.07667,57,12.09,12.0,2022-05-08 21:58:58.586195,2022-04-18,True
253,20220418  19:15:00,12.07,12.07461,16,12.09,12.04,2022-05-08 21:58:58.586195,2022-04-18,True
254,20220418  19:30:00,12.04,12.05376,24,12.09,12.03,2022-05-08 21:58:58.586195,2022-04-18,True
255,20220418  19:45:00,12.1,12.07991,159,12.1,12.05,2022-05-08 21:58:58.586195,2022-04-18,True
256,20220419  04:00:00,12.3,12.3203,111,12.64,12.11,2022-05-08 21:58:58.586195,2022-04-19,False
257,20220419  04:15:00,12.6,12.4453,83,12.67,12.25,2022-05-08 21:58:58.586195,2022-04-19,True
258,20220419  04:30:00,12.52,12.61854,120,12.73,12.52,2022-05-08 21:58:58.586195,2022-04-19,True
259,20220419  04:45:00,11.94,12.09412,235,12.52,11.9,2022-05-08 21:58:58.586195,2022-04-19,True
260,20220419  05:00:00,12.18,12.13942,68,12.21,12.03,2022-05-08 21:58:58.586195,2022-04-19,True
261,20220419  05:15:00,12.18,12.15798,43,12.19,12.13,2022-05-08 21:58:58.586195,2022-04-19,True
262,20220419  05:30:00,12.26,12.21047,10,12.26,12.19,2022-05-08 21:58:58.586195,2022-04-19,True
263,20220419  05:45:00,12.21,12.25247,16,12.27,12.21,2022-05-08 21:58:58.586195,2022-04-19,True
264,20220419  06:00:00,12.17,12.18394,3,12.19,12.17,2022-05-08 21:58:58.586195,2022-04-19,True
265,20220419  06:15:00,12.11,12.13723,63,12.18,12.11,2022-05-08 21:58:58.586195,2022-04-19,True
266,20220419  06:30:00,12.1,12.1242,12,12.16,12.1,2022-05-08 21:58:58.586195,2022-04-19,True
267,20220419  06:45:00,12.03,12.03987,15,12.08,12.03,2022-05-08 21:58:58.586195,2022-04-19,True
268,20220419  07:00:00,11.81,11.78538,537,12.11,11.67,2022-05-08 21:58:58.586195,2022-04-19,True
269,20220419  07:15:00,11.69,11.66456,492,11.87,11.47,2022-05-08 21:58:58.586195,2022-04-19,True
270,20220419  07:30:00,11.65,11.6356,167,11.68,11.53,2022-05-08 21:58:58.587192,2022-04-19,True
271,20220419  07:45:00,11.95,11.93428,448,12.1,11.65,2022-05-08 21:58:58.587192,2022-04-19,True
272,20220419  08:00:00,11.75,11.7996,1187,12.0899,11.51,2022-05-08 21:58:58.587192,2022-04-19,True
273,20220419  08:15:00,11.71,11.72138,144,11.79,11.7,2022-05-08 21:58:58.587192,2022-04-19,True
274,20220419  08:30:00,11.88,11.79384,105,11.88,11.71,2022-05-08 21:58:58.587192,2022-04-19,True
275,20220419  08:45:00,11.79,11.82779,121,11.89,11.75,2022-05-08 21:58:58.587192,2022-04-19,True
276,20220419  09:00:00,11.77,11.78191,255,11.87,11.74,2022-05-08 21:58:58.587192,2022-04-19,True
277,20220419  09:15:00,11.77,11.77418,272,11.8,11.77,2022-05-08 21:58:58.587192,2022-04-19,True
278,20220419  09:30:00,12.16,12.21585,26544,12.5001,11.76,2022-05-08 21:58:58.587192,2022-04-19,True
279,20220419  09:45:00,11.78,11.86389,13723,12.24,11.65,2022-05-08 21:58:58.587192,2022-04-19,True
280,20220419  10:00:00,11.9302,11.88565,8315,12.05,11.64,2022-05-08 21:58:58.587192,2022-04-19,True
281,20220419  10:15:00,12.1092,12.09457,9659,12.21,11.91,2022-05-08 21:58:58.587192,2022-04-19,True
282,20220419  10:30:00,12.1891,12.33519,18899,12.5,12.04,2022-05-08 21:58:58.587192,2022-04-19,True
283,20220419  10:45:00,11.937,12.06885,8117,12.24,11.935,2022-05-08 21:58:58.587192,2022-04-19,True
284,20220419  11:00:00,11.97,11.96548,4613,12.06,11.85,2022-05-08 21:58:58.587192,2022-04-19,True
285,20220419  11:15:00,12.08,11.98552,2952,12.09,11.89,2022-05-08 21:58:58.587192,2022-04-19,True
286,20220419  11:30:00,12.27,12.20901,7171,12.3,12.06,2022-05-08 21:58:58.588190,2022-04-19,True
287,20220419  11:45:00,12.365,12.33941,7301,12.42,12.235,2022-05-08 21:58:58.588190,2022-04-19,True
288,20220419  12:00:00,12.0599,12.18005,5061,12.3655,12.04,2022-05-08 21:58:58.588190,2022-04-19,True
289,20220419  12:15:00,12.13,12.0543,5171,12.18,11.9402,2022-05-08 21:58:58.588190,2022-04-19,True
290,20220419  12:30:00,12.2515,12.18904,5488,12.28,12.07,2022-05-08 21:58:58.588190,2022-04-19,True
291,20220419  12:45:00,12.2001,12.23125,6069,12.3,12.11,2022-05-08 21:58:58.588190,2022-04-19,True
292,20220419  13:00:00,12.245,12.19083,4510,12.2527,12.12,2022-05-08 21:58:58.588190,2022-04-19,True
293,20220419  13:15:00,12.12,12.14583,5085,12.255,12.05,2022-05-08 21:58:58.588190,2022-04-19,True
294,20220419  13:30:00,11.98,12.07843,4447,12.18,11.97,2022-05-08 21:58:58.588190,2022-04-19,True
295,20220419  13:45:00,11.95,11.94266,3965,12.01,11.9,2022-05-08 21:58:58.588190,2022-04-19,True
296,20220419  14:00:00,11.87,11.88575,3047,11.98,11.85,2022-05-08 21:58:58.588190,2022-04-19,True
297,20220419  14:15:00,11.78,11.86102,4264,12.0,11.73,2022-05-08 21:58:58.588190,2022-04-19,True
298,20220419  14:30:00,11.74,11.78031,1717,11.83,11.73,2022-05-08 21:58:58.588190,2022-04-19,True
299,20220419  14:45:00,11.84,11.81035,2288,11.85,11.7301,2022-05-08 21:58:58.588190,2022-04-19,True
300,20220419  15:00:00,12.02,11.96031,3622,12.05,11.85,2022-05-08 21:58:58.588190,2022-04-19,True
301,20220419  15:15:00,12.0364,12.00566,2599,12.05,11.94,2022-05-08 21:58:58.588190,2022-04-19,True
302,20220419  15:30:00,12.6299,12.55353,31397,12.86,12.035,2022-05-08 21:58:58.588190,2022-04-19,True
303,20220419  15:45:00,12.63,12.62526,19607,12.7,12.5309,2022-05-08 21:58:58.588190,2022-04-19,True
304,20220419  16:00:00,12.33,12.51509,1930,12.64,12.15,2022-05-08 21:58:58.588190,2022-04-19,True
305,20220419  16:15:00,12.3,12.14425,1162,12.42,12.02,2022-05-08 21:58:58.588190,2022-04-19,True
306,20220419  16:30:00,12.3,12.27491,213,12.33,12.22,2022-05-08 21:58:58.588190,2022-04-19,True
307,20220419  16:45:00,12.2999,12.30046,236,12.35,12.2001,2022-05-08 21:58:58.588190,2022-04-19,True
308,20220419  17:00:00,12.25,12.25508,109,12.3,12.25,2022-05-08 21:58:58.589187,2022-04-19,True
309,20220419  17:15:00,12.3,12.21534,171,12.3,12.17,2022-05-08 21:58:58.589187,2022-04-19,True
310,20220419  17:30:00,12.2001,12.23605,34,12.3,12.18,2022-05-08 21:58:58.589187,2022-04-19,True
311,20220419  17:45:00,12.4,12.43736,228,12.6,12.25,2022-05-08 21:58:58.589187,2022-04-19,True
312,20220419  18:00:00,12.37,12.51071,74,12.57,12.36,2022-05-08 21:58:58.589187,2022-04-19,True
313,20220419  18:15:00,12.44,12.40727,32,12.44,12.37,2022-05-08 21:58:58.589187,2022-04-19,True
314,20220419  18:30:00,12.48,12.47515,88,12.48,12.4,2022-05-08 21:58:58.589187,2022-04-19,True
315,20220419  18:45:00,12.42,12.42447,10,12.44,12.37,2022-05-08 21:58:58.589187,2022-04-19,True
316,20220419  19:00:00,12.46,12.43632,102,12.49,12.4201,2022-05-08 21:58:58.589187,2022-04-19,True
317,20220419  19:15:00,12.42,12.46066,27,12.48,12.42,2022-05-08 21:58:58.589187,2022-04-19,True
318,20220419  19:30:00,12.47,12.4666,151,12.5,12.42,2022-05-08 21:58:58.589187,2022-04-19,True
319,20220419  19:45:00,12.49,12.40054,184,12.55,12.3,2022-05-08 21:58:58.589187,2022-04-19,True
320,20220420  04:00:00,12.21,12.39284,6,12.55,12.21,2022-05-08 21:58:58.589187,2022-04-20,False
321,20220420  04:15:00,12.25,12.29055,4,12.45,12.24,2022-05-08 21:58:58.589187,2022-04-20,True
322,20220420  04:30:00,12.43,12.36157,12,12.43,12.33,2022-05-08 21:58:58.589187,2022-04-20,True
323,20220420  04:45:00,12.2,12.28861,30,12.38,12.2,2022-05-08 21:58:58.589187,2022-04-20,True
324,20220420  05:00:00,12.3,12.29433,19,12.37,12.25,2022-05-08 21:58:58.589187,2022-04-20,True
325,20220420  05:15:00,12.4,12.30674,14,12.4,12.3,2022-05-08 21:58:58.589187,2022-04-20,True
326,20220420  05:30:00,12.45,12.26747,58,12.45,12.22,2022-05-08 21:58:58.589187,2022-04-20,True
327,20220420  05:45:00,12.35,12.35,1,12.35,12.35,2022-05-08 21:58:58.589187,2022-04-20,True
328,20220420  06:00:00,12.4,12.37326,5,12.4,12.35,2022-05-08 21:58:58.589187,2022-04-20,True
329,20220420  06:15:00,12.42,12.36889,9,12.42,12.33,2022-05-08 21:58:58.589187,2022-04-20,True
330,20220420  06:30:00,12.42,12.42,0,12.42,12.42,2022-05-08 21:58:58.590184,2022-04-20,True
331,20220420  06:45:00,12.26,12.27067,7,12.31,12.26,2022-05-08 21:58:58.590184,2022-04-20,True
332,20220420  07:00:00,12.48,12.41008,23,12.48,12.27,2022-05-08 21:58:58.590184,2022-04-20,True
333,20220420  07:15:00,12.35,12.39406,77,12.46,12.3,2022-05-08 21:58:58.590184,2022-04-20,True
334,20220420  07:30:00,12.33,12.33379,18,12.38,12.32,2022-05-08 21:58:58.590184,2022-04-20,True
335,20220420  07:45:00,12.38,12.37143,7,12.39,12.31,2022-05-08 21:58:58.590184,2022-04-20,True
336,20220420  08:00:00,12.37,12.35215,159,12.48,12.27,2022-05-08 21:58:58.590184,2022-04-20,True
337,20220420  08:15:00,12.29,12.30643,178,12.3899,12.29,2022-05-08 21:58:58.590184,2022-04-20,True
338,20220420  08:30:00,12.33,12.33587,72,12.37,12.3,2022-05-08 21:58:58.590184,2022-04-20,True
339,20220420  08:45:00,12.25,12.2612,129,12.3001,12.22,2022-05-08 21:58:58.590184,2022-04-20,True
340,20220420  09:00:00,12.05,12.06047,1112,12.25,11.99,2022-05-08 21:58:58.590184,2022-04-20,True
341,20220420  09:15:00,12.09,12.05147,308,12.13,12.0,2022-05-08 21:58:58.590184,2022-04-20,True
342,20220420  09:30:00,11.93,12.09827,11157,12.35,11.9,2022-05-08 21:58:58.590184,2022-04-20,True
343,20220420  09:45:00,11.85,11.86565,8927,12.04,11.74,2022-05-08 21:58:58.590184,2022-04-20,True
344,20220420  10:00:00,11.63,11.77669,7251,12.0,11.56,2022-05-08 21:58:58.590184,2022-04-20,True
345,20220420  10:15:00,11.77,11.71958,3682,11.84,11.6219,2022-05-08 21:58:58.590184,2022-04-20,True
346,20220420  10:30:00,11.8,11.88275,3453,12.0,11.74,2022-05-08 21:58:58.590184,2022-04-20,True
347,20220420  10:45:00,11.751,11.79596,2211,11.89,11.74,2022-05-08 21:58:58.590184,2022-04-20,True
348,20220420  11:00:00,11.3748,11.48166,6399,11.76,11.32,2022-05-08 21:58:58.590184,2022-04-20,True
349,20220420  11:15:00,11.415,11.35524,3698,11.445,11.26,2022-05-08 21:58:58.590184,2022-04-20,True
350,20220420  11:30:00,11.35,11.42049,2362,11.54,11.35,2022-05-08 21:58:58.590184,2022-04-20,True
351,20220420  11:45:00,11.29,11.30176,2425,11.36,11.27,2022-05-08 21:58:58.590184,2022-04-20,True
352,20220420  12:00:00,11.31,11.39019,1376,11.51,11.2901,2022-05-08 21:58:58.590184,2022-04-20,True
353,20220420  12:15:00,11.2305,11.25939,2463,11.34,11.21,2022-05-08 21:58:58.591182,2022-04-20,True
354,20220420  12:30:00,11.4586,11.30815,2215,11.47,11.22,2022-05-08 21:58:58.591182,2022-04-20,True
355,20220420  12:45:00,11.605,11.50761,4336,11.63,11.3463,2022-05-08 21:58:58.591182,2022-04-20,True
356,20220420  13:00:00,11.4639,11.51014,2683,11.61,11.4,2022-05-08 21:58:58.591182,2022-04-20,True
357,20220420  13:15:00,11.5001,11.54147,1589,11.6,11.465,2022-05-08 21:58:58.591182,2022-04-20,True
358,20220420  13:30:00,11.485,11.48657,647,11.52,11.46,2022-05-08 21:58:58.591182,2022-04-20,True
359,20220420  13:45:00,11.465,11.42446,1232,11.485,11.38,2022-05-08 21:58:58.591182,2022-04-20,True
360,20220420  14:00:00,11.34,11.39088,927,11.4657,11.33,2022-05-08 21:58:58.591182,2022-04-20,True
361,20220420  14:15:00,11.34,11.34606,814,11.37,11.3,2022-05-08 21:58:58.591182,2022-04-20,True
362,20220420  14:30:00,11.315,11.30158,2042,11.33,11.28,2022-05-08 21:58:58.591182,2022-04-20,True
363,20220420  14:45:00,11.195,11.21404,4255,11.32,11.16,2022-05-08 21:58:58.591182,2022-04-20,True
364,20220420  15:00:00,11.195,11.18069,4059,11.2,11.12,2022-05-08 21:58:58.591182,2022-04-20,True
365,20220420  15:15:00,11.288,11.29054,1984,11.325,11.2,2022-05-08 21:58:58.591182,2022-04-20,True
366,20220420  15:30:00,11.295,11.28809,3165,11.34,11.22,2022-05-08 21:58:58.591182,2022-04-20,True
367,20220420  15:45:00,11.77,11.59894,11301,11.79,11.28,2022-05-08 21:58:58.591182,2022-04-20,True
368,20220420  16:00:00,11.6,11.72187,1183,11.78,11.44,2022-05-08 21:58:58.591182,2022-04-20,True
369,20220420  16:15:00,11.45,11.47432,35,11.6,11.4,2022-05-08 21:58:58.591182,2022-04-20,True
370,20220420  16:30:00,11.6,11.49861,103,11.65,11.45,2022-05-08 21:58:58.591182,2022-04-20,True
371,20220420  16:45:00,11.57,11.56146,19,11.65,11.5,2022-05-08 21:58:58.591182,2022-04-20,True
372,20220420  17:00:00,11.46,11.5761,59,11.69,11.46,2022-05-08 21:58:58.591182,2022-04-20,True
373,20220420  17:15:00,11.49,11.47477,135,11.67,11.47,2022-05-08 21:58:58.591182,2022-04-20,True
374,20220420  17:30:00,11.69,11.65237,38,11.69,11.6,2022-05-08 21:58:58.591182,2022-04-20,True
375,20220420  17:45:00,11.58,11.61095,57,11.6601,11.58,2022-05-08 21:58:58.592179,2022-04-20,True
376,20220420  18:00:00,11.5601,11.53145,56,11.65,11.5101,2022-05-08 21:58:58.592179,2022-04-20,True
377,20220420  18:15:00,11.51,11.51931,21,11.56,11.51,2022-05-08 21:58:58.592179,2022-04-20,True
378,20220420  18:30:00,11.62,11.60503,69,11.67,11.54,2022-05-08 21:58:58.592179,2022-04-20,True
379,20220420  18:45:00,11.62,11.62,0,11.62,11.62,2022-05-08 21:58:58.592179,2022-04-20,True
380,20220420  19:00:00,11.58,11.58,7,11.58,11.58,2022-05-08 21:58:58.592179,2022-04-20,True
381,20220420  19:15:00,11.6,11.6,8,11.6,11.6,2022-05-08 21:58:58.592179,2022-04-20,True
382,20220420  19:30:00,11.6,11.60784,62,11.65,11.6,2022-05-08 21:58:58.592179,2022-04-20,True
383,20220420  19:45:00,11.6,11.5852,67,11.6,11.52,2022-05-08 21:58:58.592179,2022-04-20,True
384,20220421  04:00:00,11.61,11.62583,12,11.71,11.61,2022-05-08 21:58:58.592179,2022-04-21,False
385,20220421  04:15:00,11.61,11.50831,23,11.73,11.45,2022-05-08 21:58:58.592179,2022-04-21,True
386,20220421  04:30:00,11.61,11.60559,29,11.61,11.51,2022-05-08 21:58:58.592179,2022-04-21,True
387,20220421  04:45:00,11.61,11.61,0,11.61,11.61,2022-05-08 21:58:58.592179,2022-04-21,True
388,20220421  05:00:00,11.61,11.61,0,11.61,11.61,2022-05-08 21:58:58.592179,2022-04-21,True
389,20220421  05:15:00,11.61,11.61,0,11.61,11.61,2022-05-08 21:58:58.592179,2022-04-21,True
390,20220421  05:30:00,11.68,11.68,1,11.68,11.68,2022-05-08 21:58:58.592179,2022-04-21,True
391,20220421  05:45:00,11.77,11.77,1,11.77,11.77,2022-05-08 21:58:58.592179,2022-04-21,True
392,20220421  06:00:00,11.75,11.75333,6,11.76,11.75,2022-05-08 21:58:58.592179,2022-04-21,True
393,20220421  06:15:00,11.64,11.66162,7,11.71,11.64,2022-05-08 21:58:58.592179,2022-04-21,True
394,20220421  06:30:00,11.63,11.63,1,11.63,11.63,2022-05-08 21:58:58.592179,2022-04-21,True
395,20220421  06:45:00,11.61,11.61,1,11.61,11.61,2022-05-08 21:58:58.592179,2022-04-21,True
396,20220421  07:00:00,11.5,11.50435,36,11.6,11.46,2022-05-08 21:58:58.592179,2022-04-21,True
397,20220421  07:15:00,11.53,11.50253,26,11.53,11.46,2022-05-08 21:58:58.593176,2022-04-21,True
398,20220421  07:30:00,11.56,11.52486,9,11.56,11.5,2022-05-08 21:58:58.593176,2022-04-21,True
399,20220421  07:45:00,11.51,11.50689,29,11.51,11.5,2022-05-08 21:58:58.593176,2022-04-21,True
400,20220421  08:00:00,11.46,11.51492,65,11.57,11.45,2022-05-08 21:58:58.593176,2022-04-21,True
401,20220421  08:15:00,11.42,11.35418,181,11.5,11.24,2022-05-08 21:58:58.593176,2022-04-21,True
402,20220421  08:30:00,11.4,11.41145,45,11.48,11.4,2022-05-08 21:58:58.593176,2022-04-21,True
403,20220421  08:45:00,11.44,11.41374,25,11.44,11.38,2022-05-08 21:58:58.593176,2022-04-21,True
404,20220421  09:00:00,11.43,11.43389,120,11.45,11.41,2022-05-08 21:58:58.593176,2022-04-21,True
405,20220421  09:15:00,11.5,11.50559,186,11.59,11.43,2022-05-08 21:58:58.593176,2022-04-21,True
406,20220421  09:30:00,11.55,11.66112,8323,11.95,11.37,2022-05-08 21:58:58.593176,2022-04-21,True
407,20220421  09:45:00,11.425,11.37403,3136,11.54,11.3003,2022-05-08 21:58:58.593176,2022-04-21,True
408,20220421  10:00:00,11.655,11.51783,2435,11.66,11.4,2022-05-08 21:58:58.593176,2022-04-21,True
409,20220421  10:15:00,11.915,11.76055,4855,11.92,11.6,2022-05-08 21:58:58.593176,2022-04-21,True
410,20220421  10:30:00,11.9034,11.96524,7261,12.13,11.82,2022-05-08 21:58:58.593176,2022-04-21,True
411,20220421  10:45:00,12.1801,12.01975,6472,12.23,11.86,2022-05-08 21:58:58.593176,2022-04-21,True
412,20220421  11:00:00,12.4201,12.29199,14808,12.48,12.11,2022-05-08 21:58:58.593176,2022-04-21,True
413,20220421  11:15:00,12.7015,12.7159,27054,12.9899,12.37,2022-05-08 21:58:58.593176,2022-04-21,True
414,20220421  11:30:00,12.6103,12.74919,22994,12.92,12.57,2022-05-08 21:58:58.593176,2022-04-21,True
415,20220421  11:45:00,12.8516,12.90018,31558,13.1499,12.58,2022-05-08 21:58:58.593176,2022-04-21,True
416,20220421  12:00:00,12.54,12.69923,9038,12.85,12.51,2022-05-08 21:58:58.593176,2022-04-21,True
417,20220421  12:15:00,12.3501,12.34858,8316,12.57,12.205,2022-05-08 21:58:58.593176,2022-04-21,True
418,20220421  12:30:00,12.19,12.38675,7406,12.58,12.15,2022-05-08 21:58:58.593176,2022-04-21,True
419,20220421  12:45:00,11.93,12.04425,4314,12.22,11.87,2022-05-08 21:58:58.594174,2022-04-21,True
420,20220421  13:00:00,11.9601,11.91212,3020,12.01,11.805,2022-05-08 21:58:58.594174,2022-04-21,True
421,20220421  13:15:00,12.1,11.99308,2504,12.11,11.9,2022-05-08 21:58:58.594174,2022-04-21,True
422,20220421  13:30:00,12.1798,12.12605,3841,12.19,12.0501,2022-05-08 21:58:58.594174,2022-04-21,True
423,20220421  13:45:00,12.1041,12.17548,3124,12.27,12.07,2022-05-08 21:58:58.594174,2022-04-21,True
424,20220421  14:00:00,11.95,12.04084,3163,12.2,11.92,2022-05-08 21:58:58.594174,2022-04-21,True
425,20220421  14:15:00,11.89,11.86865,2655,11.95,11.8,2022-05-08 21:58:58.594174,2022-04-21,True
426,20220421  14:30:00,11.81,11.87978,1501,11.945,11.81,2022-05-08 21:58:58.594174,2022-04-21,True
427,20220421  14:45:00,11.84,11.79968,2030,11.845,11.76,2022-05-08 21:58:58.594174,2022-04-21,True
428,20220421  15:00:00,11.865,11.85126,1718,11.91,11.78,2022-05-08 21:58:58.594174,2022-04-21,True
429,20220421  15:15:00,12.085,11.96029,3087,12.119,11.78,2022-05-08 21:58:58.594174,2022-04-21,True
430,20220421  15:30:00,12.2061,12.20117,5627,12.2897,12.0814,2022-05-08 21:58:58.594174,2022-04-21,True
431,20220421  15:45:00,11.98,12.01438,9706,12.22,11.93,2022-05-08 21:58:58.594174,2022-04-21,True
432,20220421  16:00:00,11.89,11.94758,1403,12.0,11.81,2022-05-08 21:58:58.594174,2022-04-21,True
433,20220421  16:15:00,11.95,11.89137,100,11.95,11.82,2022-05-08 21:58:58.594174,2022-04-21,True
434,20220421  16:30:00,12.18,12.06945,1307,12.26,11.89,2022-05-08 21:58:58.594174,2022-04-21,True
435,20220421  16:45:00,11.96,11.97375,98,12.1,11.9,2022-05-08 21:58:58.594174,2022-04-21,True
436,20220421  17:00:00,11.96,11.95372,87,11.96,11.9001,2022-05-08 21:58:58.594174,2022-04-21,True
437,20220421  17:15:00,11.92,11.95733,15,11.96,11.92,2022-05-08 21:58:58.594174,2022-04-21,True
438,20220421  17:30:00,11.9,11.90979,28,11.92,11.9,2022-05-08 21:58:58.594174,2022-04-21,True
439,20220421  17:45:00,12.05,11.92773,14,12.05,11.91,2022-05-08 21:58:58.594174,2022-04-21,True
440,20220421  18:00:00,12.0,12.01114,11,12.05,12.0,2022-05-08 21:58:58.594174,2022-04-21,True
441,20220421  18:15:00,12.0,11.99391,23,12.0,11.98,2022-05-08 21:58:58.595171,2022-04-21,True
442,20220421  18:30:00,11.92,11.9762,66,12.0,11.92,2022-05-08 21:58:58.595171,2022-04-21,True
443,20220421  18:45:00,12.06,12.00992,62,12.1699,12.0,2022-05-08 21:58:58.595171,2022-04-21,True
444,20220421  19:00:00,12.06,12.09565,12,12.12,12.06,2022-05-08 21:58:58.595171,2022-04-21,True
445,20220421  19:15:00,12.06,12.06007,3,12.0601,12.06,2022-05-08 21:58:58.595171,2022-04-21,True
446,20220421  19:30:00,12.0,12.01072,19,12.06,11.94,2022-05-08 21:58:58.595171,2022-04-21,True
447,20220421  19:45:00,12.0499,12.02367,74,12.05,11.92,2022-05-08 21:58:58.595171,2022-04-21,True
448,20220422  04:00:00,12.16,12.12486,5,12.16,12.09,2022-05-08 21:58:58.595171,2022-04-22,False
449,20220422  04:15:00,12.49,12.28333,3,12.49,12.18,2022-05-08 21:58:58.595171,2022-04-22,True
450,20220422  04:30:00,12.21,12.26613,7,12.36,12.21,2022-05-08 21:58:58.595171,2022-04-22,True
451,20220422  04:45:00,12.24,12.22333,3,12.24,12.21,2022-05-08 21:58:58.595171,2022-04-22,True
452,20220422  05:00:00,12.36,12.33588,6,12.36,12.31,2022-05-08 21:58:58.595171,2022-04-22,True
453,20220422  05:15:00,12.31,12.31,1,12.31,12.31,2022-05-08 21:58:58.595171,2022-04-22,True
454,20220422  05:30:00,12.31,12.31,0,12.31,12.31,2022-05-08 21:58:58.595171,2022-04-22,True
455,20220422  05:45:00,12.35,12.32223,4,12.35,12.31,2022-05-08 21:58:58.595171,2022-04-22,True
456,20220422  06:00:00,12.39,12.37996,16,12.43,12.35,2022-05-08 21:58:58.595171,2022-04-22,True
457,20220422  06:15:00,12.39,12.39,0,12.39,12.39,2022-05-08 21:58:58.595171,2022-04-22,True
458,20220422  06:30:00,12.39,12.39,0,12.39,12.39,2022-05-08 21:58:58.595171,2022-04-22,True
459,20220422  06:45:00,12.47,12.41724,75,12.5,12.33,2022-05-08 21:58:58.595171,2022-04-22,True
460,20220422  07:00:00,12.24,12.28775,14,12.45,12.2,2022-05-08 21:58:58.595171,2022-04-22,True
461,20220422  07:15:00,12.25,12.24795,52,12.26,12.19,2022-05-08 21:58:58.595171,2022-04-22,True
462,20220422  07:30:00,12.22,12.25227,17,12.3,12.22,2022-05-08 21:58:58.595171,2022-04-22,True
463,20220422  07:45:00,12.15,12.1761,28,12.27,12.15,2022-05-08 21:58:58.596169,2022-04-22,True
464,20220422  08:00:00,12.06,12.18851,263,12.4,12.04,2022-05-08 21:58:58.596169,2022-04-22,True
465,20220422  08:15:00,11.96,12.0217,123,12.07,11.96,2022-05-08 21:58:58.596169,2022-04-22,True
466,20220422  08:30:00,11.97,11.96552,73,12.0,11.95,2022-05-08 21:58:58.596169,2022-04-22,True
467,20220422  08:45:00,12.0,11.93269,182,12.07,11.88,2022-05-08 21:58:58.596169,2022-04-22,True
468,20220422  09:00:00,11.82,11.89625,49,11.95,11.82,2022-05-08 21:58:58.596169,2022-04-22,True
469,20220422  09:15:00,11.7,11.78842,111,11.86,11.68,2022-05-08 21:58:58.596169,2022-04-22,True
470,20220422  09:30:00,11.3993,11.50982,6933,11.82,11.31,2022-05-08 21:58:58.596169,2022-04-22,True
471,20220422  09:45:00,11.2308,11.31749,4935,11.44,11.2,2022-05-08 21:58:58.596169,2022-04-22,True
472,20220422  10:00:00,11.55,11.49689,3440,11.5807,11.22,2022-05-08 21:58:58.596169,2022-04-22,True
473,20220422  10:15:00,11.615,11.56179,2165,11.66,11.5,2022-05-08 21:58:58.596169,2022-04-22,True
474,20220422  10:30:00,11.55,11.61279,2767,11.71,11.52,2022-05-08 21:58:58.596169,2022-04-22,True
475,20220422  10:45:00,11.54,11.52699,1650,11.58,11.49,2022-05-08 21:58:58.596169,2022-04-22,True
476,20220422  11:00:00,11.38,11.41751,1919,11.55,11.32,2022-05-08 21:58:58.596169,2022-04-22,True
477,20220422  11:15:00,11.22,11.27436,1709,11.395,11.215,2022-05-08 21:58:58.596169,2022-04-22,True
478,20220422  11:30:00,11.02,11.098,5421,11.27,10.96,2022-05-08 21:58:58.596169,2022-04-22,True
479,20220422  11:45:00,10.9,10.94367,4283,11.08,10.86,2022-05-08 21:58:58.596169,2022-04-22,True
480,20220422  12:00:00,10.87,10.87913,2371,10.9708,10.83,2022-05-08 21:58:58.596169,2022-04-22,True
481,20220422  12:15:00,10.875,10.85264,2113,10.965,10.77,2022-05-08 21:58:58.596169,2022-04-22,True
482,20220422  12:30:00,10.6999,10.83797,2726,10.96,10.69,2022-05-08 21:58:58.596169,2022-04-22,True
483,20220422  12:45:00,10.65,10.68409,1859,10.77,10.64,2022-05-08 21:58:58.596169,2022-04-22,True
484,20220422  13:00:00,10.735,10.67105,1946,10.74,10.64,2022-05-08 21:58:58.596169,2022-04-22,True
485,20220422  13:15:00,10.5801,10.64578,2089,10.74,10.58,2022-05-08 21:58:58.596169,2022-04-22,True
486,20220422  13:30:00,10.5591,10.53421,2308,10.6,10.47,2022-05-08 21:58:58.597166,2022-04-22,True
487,20220422  13:45:00,10.475,10.52068,1617,10.59,10.47,2022-05-08 21:58:58.597166,2022-04-22,True
488,20220422  14:00:00,10.518,10.51839,1468,10.5894,10.47,2022-05-08 21:58:58.597166,2022-04-22,True
489,20220422  14:15:00,10.63,10.58692,2824,10.6599,10.5,2022-05-08 21:58:58.597166,2022-04-22,True
490,20220422  14:30:00,10.695,10.6283,1636,10.7,10.55,2022-05-08 21:58:58.597166,2022-04-22,True
491,20220422  14:45:00,10.7999,10.72712,2047,10.8,10.655,2022-05-08 21:58:58.597166,2022-04-22,True
492,20220422  15:00:00,11.015,10.94078,2894,11.04,10.76,2022-05-08 21:58:58.597166,2022-04-22,True
493,20220422  15:15:00,10.805,10.89797,2135,11.01,10.795,2022-05-08 21:58:58.597166,2022-04-22,True
494,20220422  15:30:00,11.05,10.94283,2223,11.05,10.805,2022-05-08 21:58:58.597166,2022-04-22,True
495,20220422  15:45:00,11.2101,11.16446,7568,11.24,10.99,2022-05-08 21:58:58.597166,2022-04-22,True
496,20220422  16:00:00,11.11,11.2058,1289,11.21,11.11,2022-05-08 21:58:58.597166,2022-04-22,True
497,20220422  16:15:00,11.16,11.11131,32,11.16,11.06,2022-05-08 21:58:58.597166,2022-04-22,True
498,20220422  16:30:00,11.1,11.15205,18,11.18,11.1,2022-05-08 21:58:58.597166,2022-04-22,True
499,20220422  16:45:00,11.1,11.1325,4,11.15,11.1,2022-05-08 21:58:58.597166,2022-04-22,True
500,20220422  17:00:00,11.17,11.09232,86,11.18,11.07,2022-05-08 21:58:58.597166,2022-04-22,True
501,20220422  17:15:00,11.16,11.16,21,11.16,11.16,2022-05-08 21:58:58.597166,2022-04-22,True
502,20220422  17:30:00,11.17,11.16718,11,11.17,11.16,2022-05-08 21:58:58.597166,2022-04-22,True
503,20220422  17:45:00,11.16,11.16,3,11.16,11.16,2022-05-08 21:58:58.597166,2022-04-22,True
504,20220422  18:00:00,11.19,11.1896,93,11.2,11.17,2022-05-08 21:58:58.597166,2022-04-22,True
505,20220422  18:15:00,11.19,11.19082,12,11.2,11.19,2022-05-08 21:58:58.597166,2022-04-22,True
506,20220422  18:30:00,11.19,11.19,0,11.19,11.19,2022-05-08 21:58:58.597166,2022-04-22,True
507,20220422  18:45:00,11.13,11.13869,10,11.18,11.13,2022-05-08 21:58:58.597166,2022-04-22,True
508,20220422  19:00:00,11.18,11.18,2,11.18,11.18,2022-05-08 21:58:58.598163,2022-04-22,True
509,20220422  19:15:00,11.15,11.14146,20,11.15,11.14,2022-05-08 21:58:58.598163,2022-04-22,True
510,20220422  19:30:00,11.15,11.20061,29,11.21,11.15,2022-05-08 21:58:58.598163,2022-04-22,True
511,20220422  19:45:00,11.17,11.15987,57,11.21,11.14,2022-05-08 21:58:58.598163,2022-04-22,True
512,20220425  04:00:00,10.71,10.70826,145,11.11,10.65,2022-05-08 21:58:58.598163,2022-04-25,False
513,20220425  04:15:00,10.7,10.76647,9,10.88,10.7,2022-05-08 21:58:58.598163,2022-04-25,True
514,20220425  04:30:00,10.7,10.70573,2,10.71,10.7,2022-05-08 21:58:58.598163,2022-04-25,True
515,20220425  04:45:00,10.7,10.7,4,10.7,10.7,2022-05-08 21:58:58.598163,2022-04-25,True
516,20220425  05:00:00,10.7,10.7,0,10.7,10.7,2022-05-08 21:58:58.598163,2022-04-25,True
517,20220425  05:15:00,10.69,10.69,1,10.69,10.69,2022-05-08 21:58:58.598163,2022-04-25,True
518,20220425  05:30:00,10.68,10.68687,9,10.71,10.68,2022-05-08 21:58:58.598163,2022-04-25,True
519,20220425  05:45:00,10.68,10.66071,22,10.68,10.65,2022-05-08 21:58:58.598163,2022-04-25,True
520,20220425  06:00:00,10.69,10.68471,17,10.69,10.68,2022-05-08 21:58:58.598163,2022-04-25,True
521,20220425  06:15:00,10.69,10.69,10,10.69,10.69,2022-05-08 21:58:58.598163,2022-04-25,True
522,20220425  06:30:00,10.65,10.66222,15,10.69,10.65,2022-05-08 21:58:58.598163,2022-04-25,True
523,20220425  06:45:00,10.75,10.75,1,10.75,10.75,2022-05-08 21:58:58.598163,2022-04-25,True
524,20220425  07:00:00,11.04,10.77688,90,11.12,10.65,2022-05-08 21:58:58.598163,2022-04-25,True
525,20220425  07:15:00,10.99,10.94337,82,11.12,10.82,2022-05-08 21:58:58.598163,2022-04-25,True
526,20220425  07:30:00,10.83,10.86727,46,10.9,10.81,2022-05-08 21:58:58.598163,2022-04-25,True
527,20220425  07:45:00,10.82,10.81122,24,10.83,10.8,2022-05-08 21:58:58.598163,2022-04-25,True
528,20220425  08:00:00,10.81,10.83482,95,11.05,10.65,2022-05-08 21:58:58.599160,2022-04-25,True
529,20220425  08:15:00,10.82,10.86794,35,10.9799,10.81,2022-05-08 21:58:58.599160,2022-04-25,True
530,20220425  08:30:00,11.38,11.20239,648,11.44,10.81,2022-05-08 21:58:58.599160,2022-04-25,True
531,20220425  08:45:00,11.23,11.26603,391,11.42,11.15,2022-05-08 21:58:58.599160,2022-04-25,True
532,20220425  09:00:00,11.27,11.25885,502,11.32,11.23,2022-05-08 21:58:58.599160,2022-04-25,True
533,20220425  09:15:00,11.37,11.28498,451,11.4,11.24,2022-05-08 21:58:58.599160,2022-04-25,True
534,20220425  09:30:00,11.51,11.48653,11082,11.7281,11.11,2022-05-08 21:58:58.599160,2022-04-25,True
535,20220425  09:45:00,11.378,11.56055,8207,11.77,11.31,2022-05-08 21:58:58.599160,2022-04-25,True
536,20220425  10:00:00,11.43,11.3877,3100,11.54,11.21,2022-05-08 21:58:58.599160,2022-04-25,True
537,20220425  10:15:00,11.66,11.52218,3724,11.69,11.31,2022-05-08 21:58:58.599160,2022-04-25,True
538,20220425  10:30:00,11.9894,11.85551,7418,12.0,11.641,2022-05-08 21:58:58.599160,2022-04-25,True
539,20220425  10:45:00,13.0684,12.55561,38183,13.0966,11.96,2022-05-08 21:58:58.599160,2022-04-25,True
540,20220425  11:00:00,13.73,13.44243,62360,14.14,12.86,2022-05-08 21:58:58.599160,2022-04-25,True
541,20220425  11:15:00,13.6604,13.78098,35626,14.0,13.53,2022-05-08 21:58:58.599160,2022-04-25,True
542,20220425  11:30:00,13.12,13.27331,23715,13.665,13.01,2022-05-08 21:58:58.599160,2022-04-25,True
543,20220425  11:45:00,13.1601,13.25029,23153,13.4399,12.92,2022-05-08 21:58:58.599160,2022-04-25,True
544,20220425  12:00:00,13.32,13.29775,12743,13.428,13.01,2022-05-08 21:58:58.599160,2022-04-25,True
545,20220425  12:15:00,13.355,13.39155,11339,13.551,13.245,2022-05-08 21:58:58.599160,2022-04-25,True
546,20220425  12:30:00,13.055,13.16805,6951,13.42,13.01,2022-05-08 21:58:58.599160,2022-04-25,True
547,20220425  12:45:00,12.915,12.99988,9914,13.26,12.8,2022-05-08 21:58:58.599160,2022-04-25,True
548,20220425  13:00:00,13.57,13.32889,12256,13.59,12.91,2022-05-08 21:58:58.599160,2022-04-25,True
549,20220425  13:15:00,13.67,13.69447,16596,13.89,13.41,2022-05-08 21:58:58.599160,2022-04-25,True
550,20220425  13:30:00,13.5,13.65435,9208,13.78,13.44,2022-05-08 21:58:58.600158,2022-04-25,True
551,20220425  13:45:00,13.6304,13.56923,4361,13.72,13.48,2022-05-08 21:58:58.600158,2022-04-25,True
552,20220425  14:00:00,13.74,13.61617,7528,13.75,13.43,2022-05-08 21:58:58.600158,2022-04-25,True
553,20220425  14:15:00,13.83,13.71289,7763,13.87,13.53,2022-05-08 21:58:58.600158,2022-04-25,True
554,20220425  14:30:00,13.8284,14.12745,26272,14.37,13.76,2022-05-08 21:58:58.600158,2022-04-25,True
555,20220425  14:45:00,13.8995,13.90972,10188,14.07,13.72,2022-05-08 21:58:58.600158,2022-04-25,True
556,20220425  15:00:00,13.955,13.96866,11075,14.2,13.85,2022-05-08 21:58:58.600158,2022-04-25,True
557,20220425  15:15:00,13.89,13.96074,7473,14.15,13.74,2022-05-08 21:58:58.600158,2022-04-25,True
558,20220425  15:30:00,14.13,14.1043,10893,14.256,13.88,2022-05-08 21:58:58.600158,2022-04-25,True
559,20220425  15:45:00,14.11,14.08556,12168,14.165,13.93,2022-05-08 21:58:58.600158,2022-04-25,True
560,20220425  16:00:00,13.95,14.05,1474,14.11,13.9,2022-05-08 21:58:58.600158,2022-04-25,True
561,20220425  16:15:00,14.15,14.02796,335,14.15,13.95,2022-05-08 21:58:58.600158,2022-04-25,True
562,20220425  16:30:00,14.3,14.14656,236,14.35,14.05,2022-05-08 21:58:58.600158,2022-04-25,True
563,20220425  16:45:00,14.03,14.1409,168,14.29,14.02,2022-05-08 21:58:58.600158,2022-04-25,True
564,20220425  17:00:00,14.04,14.06267,122,14.1,14.03,2022-05-08 21:58:58.600158,2022-04-25,True
565,20220425  17:15:00,13.96,14.0232,180,14.09,13.9,2022-05-08 21:58:58.600158,2022-04-25,True
566,20220425  17:30:00,13.97,13.95255,61,14.03,13.9,2022-05-08 21:58:58.600158,2022-04-25,True
567,20220425  17:45:00,13.95,13.87511,142,13.95,13.83,2022-05-08 21:58:58.600158,2022-04-25,True
568,20220425  18:00:00,13.86,13.97354,22,14.02,13.86,2022-05-08 21:58:58.600158,2022-04-25,True
569,20220425  18:15:00,13.99,13.90425,40,13.99,13.9,2022-05-08 21:58:58.600158,2022-04-25,True
570,20220425  18:30:00,14.04,13.98804,23,14.04,13.9,2022-05-08 21:58:58.600158,2022-04-25,True
571,20220425  18:45:00,14.02,14.06717,30,14.1,14.0,2022-05-08 21:58:58.600158,2022-04-25,True
572,20220425  19:00:00,13.99,14.01569,14,14.02,13.99,2022-05-08 21:58:58.600158,2022-04-25,True
573,20220425  19:15:00,14.01,14.00251,81,14.02,13.96,2022-05-08 21:58:58.601155,2022-04-25,True
574,20220425  19:30:00,14.0,14.01537,165,14.05,13.96,2022-05-08 21:58:58.601155,2022-04-25,True
575,20220425  19:45:00,14.0,13.99851,130,14.05,13.96,2022-05-08 21:58:58.601155,2022-04-25,True
576,20220426  04:00:00,13.35,13.53004,89,13.72,13.35,2022-05-08 21:58:58.601155,2022-04-26,False
577,20220426  04:15:00,13.51,13.37487,31,13.51,13.35,2022-05-08 21:58:58.601155,2022-04-26,True
578,20220426  04:30:00,13.64,13.6181,16,13.65,13.5,2022-05-08 21:58:58.601155,2022-04-26,True
579,20220426  04:45:00,13.72,13.67273,21,13.72,13.62,2022-05-08 21:58:58.601155,2022-04-26,True
580,20220426  05:00:00,13.8,13.79301,22,13.81,13.72,2022-05-08 21:58:58.601155,2022-04-26,True
581,20220426  05:15:00,13.55,13.59429,7,13.7,13.55,2022-05-08 21:58:58.601155,2022-04-26,True
582,20220426  05:30:00,13.55,13.53824,8,13.55,13.5,2022-05-08 21:58:58.601155,2022-04-26,True
583,20220426  05:45:00,13.57,13.56706,3,13.57,13.56,2022-05-08 21:58:58.601155,2022-04-26,True
584,20220426  06:00:00,13.69,13.66143,3,13.69,13.65,2022-05-08 21:58:58.601155,2022-04-26,True
585,20220426  06:15:00,13.61,13.61,1,13.61,13.61,2022-05-08 21:58:58.601155,2022-04-26,True
586,20220426  06:30:00,13.57,13.6003,3,13.64,13.57,2022-05-08 21:58:58.601155,2022-04-26,True
587,20220426  06:45:00,13.68,13.68,5,13.68,13.68,2022-05-08 21:58:58.601155,2022-04-26,True
588,20220426  07:00:00,13.61,13.67938,49,13.7,13.61,2022-05-08 21:58:58.601155,2022-04-26,True
589,20220426  07:15:00,13.75,13.65495,32,13.75,13.61,2022-05-08 21:58:58.601155,2022-04-26,True
590,20220426  07:30:00,13.79,13.79,2,13.79,13.79,2022-05-08 21:58:58.601155,2022-04-26,True
591,20220426  07:45:00,13.85,13.88312,22,13.9,13.85,2022-05-08 21:58:58.601155,2022-04-26,True
592,20220426  08:00:00,13.94,13.74118,316,13.95,13.6,2022-05-08 21:58:58.601155,2022-04-26,True
593,20220426  08:15:00,13.88,13.8871,78,13.9366,13.86,2022-05-08 21:58:58.601155,2022-04-26,True
594,20220426  08:30:00,13.63,13.74236,177,13.9198,13.63,2022-05-08 21:58:58.601155,2022-04-26,True
595,20220426  08:45:00,13.6,13.68051,116,13.7881,13.56,2022-05-08 21:58:58.602152,2022-04-26,True
596,20220426  09:00:00,13.47,13.49927,317,13.5676,13.4,2022-05-08 21:58:58.602152,2022-04-26,True
597,20220426  09:15:00,13.31,13.38422,377,13.5,13.28,2022-05-08 21:58:58.602152,2022-04-26,True
598,20220426  09:30:00,12.998,13.17191,16168,13.44,12.881,2022-05-08 21:58:58.602152,2022-04-26,True
599,20220426  09:45:00,13.7,13.58701,21173,13.92,12.94,2022-05-08 21:58:58.602152,2022-04-26,True
600,20220426  10:00:00,14.86,14.53886,65882,15.0999,13.63,2022-05-08 21:58:58.602152,2022-04-26,True
601,20220426  10:15:00,14.7802,15.062,49369,15.47,14.71,2022-05-08 21:58:58.602152,2022-04-26,True
602,20220426  10:30:00,14.12,14.36924,24219,14.78,14.0,2022-05-08 21:58:58.602152,2022-04-26,True
603,20220426  10:45:00,13.92,14.02104,17890,14.356,13.7,2022-05-08 21:58:58.602152,2022-04-26,True
604,20220426  11:00:00,14.31,14.13234,22048,14.34,13.8001,2022-05-08 21:58:58.602152,2022-04-26,True
605,20220426  11:15:00,14.595,14.46389,32579,14.69,14.11,2022-05-08 21:58:58.602152,2022-04-26,True
606,20220426  11:30:00,14.42,14.59553,23844,14.78,14.41,2022-05-08 21:58:58.602152,2022-04-26,True
607,20220426  11:45:00,14.1,14.22441,11367,14.53,14.05,2022-05-08 21:58:58.602152,2022-04-26,True
608,20220426  12:00:00,14.09,14.19117,10347,14.36,14.02,2022-05-08 21:58:58.602152,2022-04-26,True
609,20220426  12:15:00,14.01,14.14703,11953,14.3,13.97,2022-05-08 21:58:58.602152,2022-04-26,True
610,20220426  12:30:00,13.57,13.72063,10356,14.03,13.5,2022-05-08 21:58:58.602152,2022-04-26,True
611,20220426  12:45:00,13.3927,13.44217,7139,13.58,13.31,2022-05-08 21:58:58.602152,2022-04-26,True
612,20220426  13:00:00,13.21,13.23344,5902,13.39,13.11,2022-05-08 21:58:58.602152,2022-04-26,True
613,20220426  13:15:00,13.265,13.22577,2655,13.3059,13.17,2022-05-08 21:58:58.602152,2022-04-26,True
614,20220426  13:30:00,13.3718,13.22113,6446,13.465,13.0,2022-05-08 21:58:58.602152,2022-04-26,True
615,20220426  13:45:00,13.4346,13.34609,4169,13.48,13.15,2022-05-08 21:58:58.602152,2022-04-26,True
616,20220426  14:00:00,13.1708,13.16146,3778,13.45,13.05,2022-05-08 21:58:58.602152,2022-04-26,True
617,20220426  14:15:00,13.395,13.2349,3307,13.41,13.0687,2022-05-08 21:58:58.603150,2022-04-26,True
618,20220426  14:30:00,13.3473,13.37351,2379,13.4499,13.29,2022-05-08 21:58:58.603150,2022-04-26,True
619,20220426  14:45:00,13.5,13.41912,3734,13.53,13.28,2022-05-08 21:58:58.603150,2022-04-26,True
620,20220426  15:00:00,13.5968,13.61996,5299,13.72,13.51,2022-05-08 21:58:58.603150,2022-04-26,True
621,20220426  15:15:00,13.305,13.40719,4464,13.6002,13.24,2022-05-08 21:58:58.603150,2022-04-26,True
622,20220426  15:30:00,13.275,13.29939,4156,13.44,13.21,2022-05-08 21:58:58.603150,2022-04-26,True
623,20220426  15:45:00,13.17,13.19109,4930,13.32,13.11,2022-05-08 21:58:58.603150,2022-04-26,True
