,DateTime,Close,WAP,Volume,High,Low,Time Received,Date,same_day
0,20220621  04:00:00,18.33,18.98427,7,19.14,18.33,2022-06-26 13:51:04.315816,2022-06-21,True
1,20220621  04:05:00,18.44,18.44571,5,18.45,18.44,2022-06-26 13:51:04.315816,2022-06-21,True
2,20220621  04:10:00,18.44,18.44,5,18.44,18.44,2022-06-26 13:51:04.315816,2022-06-21,True
3,20220621  04:15:00,18.83,18.83,1,18.83,18.83,2022-06-26 13:51:04.315816,2022-06-21,True
4,20220621  04:20:00,18.69,18.66633,15,18.7,18.56,2022-06-26 13:51:04.315816,2022-06-21,True
5,20220621  04:25:00,18.69,18.69,0,18.69,18.69,2022-06-26 13:51:04.316814,2022-06-21,True
6,20220621  04:30:00,18.66,18.64934,12,18.66,18.6,2022-06-26 13:51:04.316814,2022-06-21,True
7,20220621  04:35:00,18.72,18.87429,7,18.9,18.72,2022-06-26 13:51:04.316814,2022-06-21,True
8,20220621  04:40:00,18.72,18.72,0,18.72,18.72,2022-06-26 13:51:04.316814,2022-06-21,True
9,20220621  04:45:00,18.72,18.72,4,18.72,18.72,2022-06-26 13:51:04.316814,2022-06-21,True
10,20220621  04:50:00,18.72,18.72,0,18.72,18.72,2022-06-26 13:51:04.316814,2022-06-21,True
11,20220621  04:55:00,18.72,18.72,0,18.72,18.72,2022-06-26 13:51:04.316814,2022-06-21,True
12,20220621  05:00:00,18.72,18.72,0,18.72,18.72,2022-06-26 13:51:04.316814,2022-06-21,True
13,20220621  05:05:00,18.79,18.75271,2,18.79,18.72,2022-06-26 13:51:04.316814,2022-06-21,True
14,20220621  05:10:00,18.79,18.79,0,18.79,18.79,2022-06-26 13:51:04.316814,2022-06-21,True
15,20220621  05:15:00,18.79,18.79,0,18.79,18.79,2022-06-26 13:51:04.316814,2022-06-21,True
16,20220621  05:20:00,18.79,18.79,0,18.79,18.79,2022-06-26 13:51:04.316814,2022-06-21,True
17,20220621  05:25:00,18.77,18.77,1,18.77,18.77,2022-06-26 13:51:04.316814,2022-06-21,True
18,20220621  05:30:00,18.77,18.77,0,18.77,18.77,2022-06-26 13:51:04.316814,2022-06-21,True
19,20220621  05:35:00,18.77,18.77,0,18.77,18.77,2022-06-26 13:51:04.316814,2022-06-21,True
20,20220621  05:40:00,18.77,18.77,0,18.77,18.77,2022-06-26 13:51:04.316814,2022-06-21,True
21,20220621  05:45:00,18.77,18.77,0,18.77,18.77,2022-06-26 13:51:04.316814,2022-06-21,True
22,20220621  05:50:00,18.77,18.77,0,18.77,18.77,2022-06-26 13:51:04.316814,2022-06-21,True
23,20220621  05:55:00,18.77,18.77,0,18.77,18.77,2022-06-26 13:51:04.316814,2022-06-21,True
24,20220621  06:00:00,18.66,18.66,1,18.66,18.66,2022-06-26 13:51:04.316814,2022-06-21,True
25,20220621  06:05:00,18.66,18.66,0,18.66,18.66,2022-06-26 13:51:04.316814,2022-06-21,True
26,20220621  06:10:00,18.66,18.66,0,18.66,18.66,2022-06-26 13:51:04.316814,2022-06-21,True
27,20220621  06:15:00,18.71,18.71,1,18.71,18.71,2022-06-26 13:51:04.316814,2022-06-21,True
28,20220621  06:20:00,18.71,18.71,0,18.71,18.71,2022-06-26 13:51:04.316814,2022-06-21,True
29,20220621  06:25:00,18.71,18.71,0,18.71,18.71,2022-06-26 13:51:04.316814,2022-06-21,True
30,20220621  06:30:00,18.71,18.71,0,18.71,18.71,2022-06-26 13:51:04.316814,2022-06-21,True
31,20220621  06:35:00,18.71,18.71,0,18.71,18.71,2022-06-26 13:51:04.316814,2022-06-21,True
32,20220621  06:40:00,18.71,18.71,0,18.71,18.71,2022-06-26 13:51:04.316814,2022-06-21,True
33,20220621  06:45:00,18.71,18.71,0,18.71,18.71,2022-06-26 13:51:04.316814,2022-06-21,True
34,20220621  06:50:00,18.71,18.71,0,18.71,18.71,2022-06-26 13:51:04.316814,2022-06-21,True
35,20220621  06:55:00,18.71,18.71,0,18.71,18.71,2022-06-26 13:51:04.316814,2022-06-21,True
36,20220621  07:00:00,18.35,18.42832,5,18.5,18.35,2022-06-26 13:51:04.317811,2022-06-21,True
37,20220621  07:05:00,17.75,18.09826,26,18.35,17.7,2022-06-26 13:51:04.317811,2022-06-21,True
38,20220621  07:10:00,18.0,17.9975,8,18.0,17.99,2022-06-26 13:51:04.317811,2022-06-21,True
39,20220621  07:15:00,18.0,18.00524,13,18.02,17.99,2022-06-26 13:51:04.317811,2022-06-21,True
40,20220621  07:20:00,18.0,18.0,0,18.0,18.0,2022-06-26 13:51:04.317811,2022-06-21,True
41,20220621  07:25:00,18.0,18.00246,5,18.01,18.0,2022-06-26 13:51:04.317811,2022-06-21,True
42,20220621  07:30:00,18.0,18.0,0,18.0,18.0,2022-06-26 13:51:04.317811,2022-06-21,True
43,20220621  07:35:00,18.01,18.01,3,18.01,18.01,2022-06-26 13:51:04.317811,2022-06-21,True
44,20220621  07:40:00,18.01,18.01,0,18.01,18.01,2022-06-26 13:51:04.317811,2022-06-21,True
45,20220621  07:45:00,18.02,18.03187,3,18.04,18.02,2022-06-26 13:51:04.317811,2022-06-21,True
46,20220621  07:50:00,18.02,18.02,0,18.02,18.02,2022-06-26 13:51:04.317811,2022-06-21,True
47,20220621  07:55:00,18.02,18.02,0,18.02,18.02,2022-06-26 13:51:04.317811,2022-06-21,True
48,20220621  08:00:00,18.2,18.22744,151,18.59,17.97,2022-06-26 13:51:04.317811,2022-06-21,True
49,20220621  08:05:00,18.37,18.33041,62,18.37,18.24,2022-06-26 13:51:04.317811,2022-06-21,True
50,20220621  08:10:00,18.25,18.29604,11,18.36,18.25,2022-06-26 13:51:04.317811,2022-06-21,True
51,20220621  08:15:00,18.22,18.25691,14,18.2899,18.22,2022-06-26 13:51:04.317811,2022-06-21,True
52,20220621  08:20:00,18.1986,18.20308,91,18.2899,18.1986,2022-06-26 13:51:04.317811,2022-06-21,True
53,20220621  08:25:00,18.27,18.04083,12,18.27,18.02,2022-06-26 13:51:04.317811,2022-06-21,True
54,20220621  08:30:00,18.06,18.10995,14,18.2,18.05,2022-06-26 13:51:04.317811,2022-06-21,True
55,20220621  08:35:00,18.25,18.22838,5,18.2823,18.06,2022-06-26 13:51:04.317811,2022-06-21,True
56,20220621  08:40:00,18.29,18.29,7,18.29,18.29,2022-06-26 13:51:04.317811,2022-06-21,True
57,20220621  08:45:00,18.21,18.215,2,18.22,18.21,2022-06-26 13:51:04.317811,2022-06-21,True
58,20220621  08:50:00,18.18,18.17846,6,18.18,18.17,2022-06-26 13:51:04.317811,2022-06-21,True
59,20220621  08:55:00,18.2743,18.27281,30,18.29,18.16,2022-06-26 13:51:04.317811,2022-06-21,True
60,20220621  09:00:00,18.18,18.2563,20,18.29,18.18,2022-06-26 13:51:04.317811,2022-06-21,True
61,20220621  09:05:00,18.18,18.18,13,18.18,18.18,2022-06-26 13:51:04.317811,2022-06-21,True
62,20220621  09:10:00,18.25,18.25,2,18.25,18.25,2022-06-26 13:51:04.317811,2022-06-21,True
63,20220621  09:15:00,18.25,18.23428,32,18.25,18.18,2022-06-26 13:51:04.317811,2022-06-21,True
64,20220621  09:20:00,18.17,18.17025,21,18.18,18.16,2022-06-26 13:51:04.317811,2022-06-21,True
65,20220621  09:25:00,18.17,18.08818,11,18.18,18.05,2022-06-26 13:51:04.318808,2022-06-21,True
66,20220621  09:30:00,19.55,18.70147,3503,19.65,17.52,2022-06-26 13:51:04.318808,2022-06-21,True
67,20220621  09:35:00,19.08,19.24592,4097,19.65,18.86,2022-06-26 13:51:04.318808,2022-06-21,True
68,20220621  09:40:00,19.8,19.67817,6182,20.17,18.91,2022-06-26 13:51:04.318808,2022-06-21,True
69,20220621  09:45:00,19.726,19.89645,3054,20.1,19.67,2022-06-26 13:51:04.318808,2022-06-21,True
70,20220621  09:50:00,19.65,19.90344,4084,20.25,19.52,2022-06-26 13:51:04.318808,2022-06-21,True
71,20220621  09:55:00,19.87,19.64358,1956,19.89,19.37,2022-06-26 13:51:04.318808,2022-06-21,True
72,20220621  10:00:00,19.88,19.79038,1733,20.0,19.6,2022-06-26 13:51:04.318808,2022-06-21,True
73,20220621  10:05:00,19.41,19.65246,1489,20.02,19.32,2022-06-26 13:51:04.318808,2022-06-21,True
74,20220621  10:10:00,19.4204,19.34367,986,19.6,19.12,2022-06-26 13:51:04.318808,2022-06-21,True
75,20220621  10:15:00,19.8434,19.77557,2149,19.96,19.3601,2022-06-26 13:51:04.318808,2022-06-21,True
76,20220621  10:20:00,19.775,19.9347,2546,20.23,19.67,2022-06-26 13:51:04.318808,2022-06-21,True
77,20220621  10:25:00,19.3564,19.50487,819,19.8,19.2,2022-06-26 13:51:04.318808,2022-06-21,True
78,20220621  10:30:00,19.4413,19.47222,822,19.66,19.28,2022-06-26 13:51:04.318808,2022-06-21,True
79,20220621  10:35:00,19.5606,19.53966,501,19.6,19.4,2022-06-26 13:51:04.318808,2022-06-21,True
80,20220621  10:40:00,19.73,19.64428,1268,19.8799,19.3001,2022-06-26 13:51:04.318808,2022-06-21,True
81,20220621  10:45:00,20.0362,19.93208,2618,20.18,19.7299,2022-06-26 13:51:04.318808,2022-06-21,True
82,20220621  10:50:00,19.69,19.83924,4328,20.4,19.4,2022-06-26 13:51:04.318808,2022-06-21,True
83,20220621  10:55:00,19.45,19.48936,433,19.65,19.31,2022-06-26 13:51:04.318808,2022-06-21,True
84,20220621  11:00:00,19.2101,19.34513,663,19.54,19.2,2022-06-26 13:51:04.318808,2022-06-21,True
85,20220621  11:05:00,19.44,19.34546,325,19.4499,19.2,2022-06-26 13:51:04.318808,2022-06-21,True
86,20220621  11:10:00,19.1999,19.26154,465,19.4499,19.06,2022-06-26 13:51:04.318808,2022-06-21,True
87,20220621  11:15:00,19.105,19.03642,604,19.2,18.9,2022-06-26 13:51:04.318808,2022-06-21,True
88,20220621  11:20:00,19.2761,19.24559,642,19.35,19.06,2022-06-26 13:51:04.318808,2022-06-21,True
89,20220621  11:25:00,19.07,19.19984,481,19.31,19.05,2022-06-26 13:51:04.318808,2022-06-21,True
90,20220621  11:30:00,19.07,19.11224,260,19.2299,19.0501,2022-06-26 13:51:04.318808,2022-06-21,True
91,20220621  11:35:00,18.875,18.91831,774,19.0802,18.8,2022-06-26 13:51:04.318808,2022-06-21,True
92,20220621  11:40:00,18.5999,18.61181,965,18.9,18.4,2022-06-26 13:51:04.318808,2022-06-21,True
93,20220621  11:45:00,18.4399,18.34032,865,18.69,18.1101,2022-06-26 13:51:04.318808,2022-06-21,True
94,20220621  11:50:00,18.38,18.422,307,18.48,18.33,2022-06-26 13:51:04.318808,2022-06-21,True
95,20220621  11:55:00,18.17,18.22527,354,18.4499,18.1,2022-06-26 13:51:04.318808,2022-06-21,True
96,20220621  12:00:00,18.36,18.26885,507,18.4,18.14,2022-06-26 13:51:04.319805,2022-06-21,True
97,20220621  12:05:00,18.3297,18.36051,564,18.4715,18.2,2022-06-26 13:51:04.319805,2022-06-21,True
98,20220621  12:10:00,18.5,18.50887,731,18.72,18.2,2022-06-26 13:51:04.319805,2022-06-21,True
99,20220621  12:15:00,18.4,18.45249,351,18.575,18.36,2022-06-26 13:51:04.319805,2022-06-21,True
100,20220621  12:20:00,18.5999,18.36348,423,18.5999,18.19,2022-06-26 13:51:04.319805,2022-06-21,True
101,20220621  12:25:00,18.49,18.53052,475,18.63,18.27,2022-06-26 13:51:04.319805,2022-06-21,True
102,20220621  12:30:00,18.33,18.35691,278,18.4899,18.2701,2022-06-26 13:51:04.319805,2022-06-21,True
103,20220621  12:35:00,18.65,18.49856,277,18.65,18.3404,2022-06-26 13:51:04.319805,2022-06-21,True
104,20220621  12:40:00,18.45,18.55729,678,18.7,18.4,2022-06-26 13:51:04.319805,2022-06-21,True
105,20220621  12:45:00,18.36,18.3611,338,18.5899,18.26,2022-06-26 13:51:04.319805,2022-06-21,True
106,20220621  12:50:00,18.365,18.35226,208,18.5,18.27,2022-06-26 13:51:04.319805,2022-06-21,True
107,20220621  12:55:00,18.0688,18.16948,532,18.42,18.0,2022-06-26 13:51:04.319805,2022-06-21,True
108,20220621  13:00:00,18.21,18.25116,241,18.3,18.05,2022-06-26 13:51:04.319805,2022-06-21,True
109,20220621  13:05:00,18.15,18.14521,281,18.2092,18.0501,2022-06-26 13:51:04.319805,2022-06-21,True
110,20220621  13:10:00,18.1499,18.13518,67,18.19,18.0797,2022-06-26 13:51:04.319805,2022-06-21,True
111,20220621  13:15:00,17.9199,17.8892,509,18.14,17.64,2022-06-26 13:51:04.319805,2022-06-21,True
112,20220621  13:20:00,17.79,17.77999,212,17.96,17.6675,2022-06-26 13:51:04.319805,2022-06-21,True
113,20220621  13:25:00,17.6201,17.72546,176,17.875,17.61,2022-06-26 13:51:04.319805,2022-06-21,True
114,20220621  13:30:00,17.9999,17.89563,321,18.0,17.675,2022-06-26 13:51:04.319805,2022-06-21,True
115,20220621  13:35:00,17.9,18.0195,208,18.24,17.8016,2022-06-26 13:51:04.319805,2022-06-21,True
116,20220621  13:40:00,18.039,17.94425,155,18.1,17.8012,2022-06-26 13:51:04.319805,2022-06-21,True
117,20220621  13:45:00,17.42,17.57614,757,18.0499,17.3,2022-06-26 13:51:04.319805,2022-06-21,True
118,20220621  13:50:00,17.4001,17.48846,461,17.6274,17.28,2022-06-26 13:51:04.319805,2022-06-21,True
119,20220621  13:55:00,17.41,17.37164,376,17.5999,17.13,2022-06-26 13:51:04.319805,2022-06-21,True
120,20220621  14:00:00,17.47,17.37001,280,17.49,17.2858,2022-06-26 13:51:04.319805,2022-06-21,True
121,20220621  14:05:00,17.375,17.38107,250,17.5419,17.3,2022-06-26 13:51:04.319805,2022-06-21,True
122,20220621  14:10:00,17.3947,17.38189,204,17.45,17.3,2022-06-26 13:51:04.319805,2022-06-21,True
123,20220621  14:15:00,17.26,17.38186,182,17.45,17.26,2022-06-26 13:51:04.319805,2022-06-21,True
124,20220621  14:20:00,17.35,17.28192,181,17.44,17.21,2022-06-26 13:51:04.319805,2022-06-21,True
125,20220621  14:25:00,17.231,17.26557,39,17.3396,17.23,2022-06-26 13:51:04.319805,2022-06-21,True
126,20220621  14:30:00,17.14,17.20161,190,17.4246,17.13,2022-06-26 13:51:04.319805,2022-06-21,True
127,20220621  14:35:00,16.699,16.8937,922,17.27,16.5001,2022-06-26 13:51:04.320803,2022-06-21,True
128,20220621  14:40:00,16.7999,16.68956,533,16.8999,16.57,2022-06-26 13:51:04.320803,2022-06-21,True
129,20220621  14:45:00,16.581,16.6328,197,16.7999,16.5,2022-06-26 13:51:04.320803,2022-06-21,True
130,20220621  14:50:00,16.84,16.63583,358,16.95,16.4404,2022-06-26 13:51:04.320803,2022-06-21,True
131,20220621  14:55:00,16.8434,16.82237,117,16.9,16.6501,2022-06-26 13:51:04.320803,2022-06-21,True
132,20220621  15:00:00,17.1,17.01136,210,17.1289,16.7627,2022-06-26 13:51:04.320803,2022-06-21,True
133,20220621  15:05:00,16.9722,16.97003,187,17.1499,16.8101,2022-06-26 13:51:04.320803,2022-06-21,True
134,20220621  15:10:00,16.9299,16.79768,76,16.97,16.71,2022-06-26 13:51:04.320803,2022-06-21,True
135,20220621  15:15:00,16.62,16.71883,90,16.8919,16.6001,2022-06-26 13:51:04.320803,2022-06-21,True
136,20220621  15:20:00,16.9583,16.84932,218,17.05,16.6,2022-06-26 13:51:04.320803,2022-06-21,True
137,20220621  15:25:00,17.0,16.97495,160,17.05,16.7405,2022-06-26 13:51:04.320803,2022-06-21,True
138,20220621  15:30:00,16.84,16.86888,139,17.05,16.71,2022-06-26 13:51:04.320803,2022-06-21,True
139,20220621  15:35:00,17.05,16.98219,164,17.08,16.81,2022-06-26 13:51:04.320803,2022-06-21,True
140,20220621  15:40:00,16.8,16.76559,211,16.99,16.65,2022-06-26 13:51:04.320803,2022-06-21,True
141,20220621  15:45:00,16.73,16.68386,290,16.8,16.55,2022-06-26 13:51:04.320803,2022-06-21,True
142,20220621  15:50:00,16.6549,16.73554,205,16.9286,16.65,2022-06-26 13:51:04.320803,2022-06-21,True
143,20220621  15:55:00,16.72,16.62829,887,16.91,16.5,2022-06-26 13:51:04.320803,2022-06-21,True
144,20220621  16:00:00,16.5,16.74396,297,16.75,16.5,2022-06-26 13:51:04.320803,2022-06-21,True
145,20220621  16:05:00,16.52,16.5815,10,16.64,16.51,2022-06-26 13:51:04.320803,2022-06-21,True
146,20220621  16:10:00,16.6,16.60516,4,16.61,16.6,2022-06-26 13:51:04.320803,2022-06-21,True
147,20220621  16:15:00,16.61,16.60801,10,16.61,16.6,2022-06-26 13:51:04.320803,2022-06-21,True
148,20220621  16:20:00,16.61,16.60774,15,16.61,16.6,2022-06-26 13:51:04.320803,2022-06-21,True
149,20220621  16:25:00,16.5,16.50568,33,16.6,16.5,2022-06-26 13:51:04.320803,2022-06-21,True
150,20220621  16:30:00,16.61,16.34825,42,16.61,16.3,2022-06-26 13:51:04.320803,2022-06-21,True
151,20220621  16:35:00,16.6,16.605,12,16.61,16.59,2022-06-26 13:51:04.320803,2022-06-21,True
152,20220621  16:40:00,16.73,16.65718,51,16.73,16.5,2022-06-26 13:51:04.320803,2022-06-21,True
153,20220621  16:45:00,16.74,16.74,1,16.74,16.74,2022-06-26 13:51:04.320803,2022-06-21,True
154,20220621  16:50:00,16.8,16.8,3,16.8,16.8,2022-06-26 13:51:04.320803,2022-06-21,True
155,20220621  16:55:00,17.01,16.991,21,17.01,16.9,2022-06-26 13:51:04.320803,2022-06-21,True
156,20220621  17:00:00,17.2,17.26,13,17.28,17.1,2022-06-26 13:51:04.320803,2022-06-21,True
157,20220621  17:05:00,17.2,17.19569,14,17.2,17.19,2022-06-26 13:51:04.320803,2022-06-21,True
158,20220621  17:10:00,17.2,17.2,0,17.2,17.2,2022-06-26 13:51:04.320803,2022-06-21,True
159,20220621  17:15:00,17.2,17.2,0,17.2,17.2,2022-06-26 13:51:04.321800,2022-06-21,True
160,20220621  17:20:00,17.2,17.2,0,17.2,17.2,2022-06-26 13:51:04.321800,2022-06-21,True
161,20220621  17:25:00,16.99,16.99,1,16.99,16.99,2022-06-26 13:51:04.321800,2022-06-21,True
162,20220621  17:30:00,16.8,16.8,1,16.8,16.8,2022-06-26 13:51:04.321800,2022-06-21,True
163,20220621  17:35:00,16.8,16.8,0,16.8,16.8,2022-06-26 13:51:04.321800,2022-06-21,True
164,20220621  17:40:00,16.8,16.8,0,16.8,16.8,2022-06-26 13:51:04.321800,2022-06-21,True
165,20220621  17:45:00,16.8,16.8,0,16.8,16.8,2022-06-26 13:51:04.321800,2022-06-21,True
166,20220621  17:50:00,16.75,16.78611,10,16.8,16.75,2022-06-26 13:51:04.321800,2022-06-21,True
167,20220621  17:55:00,16.79,16.712,3,16.79,16.66,2022-06-26 13:51:04.321800,2022-06-21,True
168,20220621  18:00:00,16.7,16.68432,15,16.7,16.66,2022-06-26 13:51:04.321800,2022-06-21,True
169,20220621  18:05:00,16.7,16.7,3,16.7,16.7,2022-06-26 13:51:04.321800,2022-06-21,True
170,20220621  18:10:00,16.66,16.66,4,16.66,16.66,2022-06-26 13:51:04.321800,2022-06-21,True
171,20220621  18:15:00,16.66,16.66,0,16.66,16.66,2022-06-26 13:51:04.321800,2022-06-21,True
172,20220621  18:20:00,16.66,16.66,0,16.66,16.66,2022-06-26 13:51:04.321800,2022-06-21,True
173,20220621  18:25:00,16.67,16.67,2,16.67,16.67,2022-06-26 13:51:04.321800,2022-06-21,True
174,20220621  18:30:00,16.67,16.67,1,16.67,16.67,2022-06-26 13:51:04.321800,2022-06-21,True
175,20220621  18:35:00,16.67,16.67,0,16.67,16.67,2022-06-26 13:51:04.321800,2022-06-21,True
176,20220621  18:40:00,16.67,16.67,0,16.67,16.67,2022-06-26 13:51:04.321800,2022-06-21,True
177,20220621  18:45:00,16.67,16.67,0,16.67,16.67,2022-06-26 13:51:04.321800,2022-06-21,True
178,20220621  18:50:00,16.67,16.67,0,16.67,16.67,2022-06-26 13:51:04.321800,2022-06-21,True
179,20220621  18:55:00,16.67,16.67,0,16.67,16.67,2022-06-26 13:51:04.321800,2022-06-21,True
180,20220621  19:00:00,16.67,16.67,0,16.67,16.67,2022-06-26 13:51:04.321800,2022-06-21,True
181,20220621  19:05:00,16.67,16.67,0,16.67,16.67,2022-06-26 13:51:04.321800,2022-06-21,True
182,20220621  19:10:00,16.76,16.76332,3,16.77,16.76,2022-06-26 13:51:04.321800,2022-06-21,True
183,20220621  19:15:00,16.76,16.76,0,16.76,16.76,2022-06-26 13:51:04.321800,2022-06-21,True
184,20220621  19:20:00,16.7601,16.7601,7,16.7601,16.7601,2022-06-26 13:51:04.321800,2022-06-21,True
185,20220621  19:25:00,16.76,16.76,1,16.76,16.76,2022-06-26 13:51:04.321800,2022-06-21,True
186,20220621  19:30:00,16.76,16.75512,8,16.76,16.75,2022-06-26 13:51:04.321800,2022-06-21,True
187,20220621  19:35:00,16.71,16.79667,2,16.88,16.71,2022-06-26 13:51:04.321800,2022-06-21,True
188,20220621  19:40:00,16.78,16.78,1,16.78,16.78,2022-06-26 13:51:04.321800,2022-06-21,True
189,20220621  19:45:00,16.78,16.78,0,16.78,16.78,2022-06-26 13:51:04.321800,2022-06-21,True
190,20220621  19:50:00,16.78,16.74916,31,16.79,16.65,2022-06-26 13:51:04.322797,2022-06-21,True
191,20220621  19:55:00,16.97,16.90126,28,16.97,16.89,2022-06-26 13:51:04.322797,2022-06-21,False
192,20220622  04:05:00,16.75,16.75,1,16.75,16.75,2022-06-26 13:51:04.322797,2022-06-22,True
193,20220622  04:10:00,16.52,16.54667,6,16.6,16.52,2022-06-26 13:51:04.322797,2022-06-22,True
194,20220622  04:15:00,16.49,16.49875,5,16.51,16.48,2022-06-26 13:51:04.322797,2022-06-22,True
195,20220622  04:20:00,16.39,16.39,2,16.39,16.39,2022-06-26 13:51:04.322797,2022-06-22,True
196,20220622  04:25:00,16.25,16.25,1,16.25,16.25,2022-06-26 13:51:04.322797,2022-06-22,True
197,20220622  04:30:00,16.4,16.19551,3,16.4,16.0,2022-06-26 13:51:04.322797,2022-06-22,True
198,20220622  04:35:00,16.4,16.4,0,16.4,16.4,2022-06-26 13:51:04.322797,2022-06-22,True
199,20220622  04:40:00,16.4,16.4,0,16.4,16.4,2022-06-26 13:51:04.322797,2022-06-22,True
200,20220622  04:45:00,16.4,16.4,0,16.4,16.4,2022-06-26 13:51:04.322797,2022-06-22,True
201,20220622  04:50:00,16.4,16.4,0,16.4,16.4,2022-06-26 13:51:04.322797,2022-06-22,True
202,20220622  04:55:00,16.4,16.4,0,16.4,16.4,2022-06-26 13:51:04.322797,2022-06-22,True
203,20220622  05:00:00,16.07,16.07,3,16.07,16.07,2022-06-26 13:51:04.322797,2022-06-22,True
204,20220622  05:05:00,16.08,16.08,7,16.08,16.08,2022-06-26 13:51:04.322797,2022-06-22,True
205,20220622  05:10:00,16.08,16.08,1,16.08,16.08,2022-06-26 13:51:04.322797,2022-06-22,True
206,20220622  05:15:00,16.08,16.08,0,16.08,16.08,2022-06-26 13:51:04.322797,2022-06-22,True
207,20220622  05:20:00,16.1,16.14882,8,16.18,16.1,2022-06-26 13:51:04.322797,2022-06-22,True
208,20220622  05:25:00,16.1,16.1,0,16.1,16.1,2022-06-26 13:51:04.322797,2022-06-22,True
209,20220622  05:30:00,16.1,16.1,0,16.1,16.1,2022-06-26 13:51:04.322797,2022-06-22,True
210,20220622  05:35:00,16.53,16.53,1,16.53,16.53,2022-06-26 13:51:04.322797,2022-06-22,True
211,20220622  05:40:00,16.5,16.5,1,16.5,16.5,2022-06-26 13:51:04.322797,2022-06-22,True
212,20220622  05:45:00,16.5,16.5,0,16.5,16.5,2022-06-26 13:51:04.322797,2022-06-22,True
213,20220622  05:50:00,16.5,16.5,0,16.5,16.5,2022-06-26 13:51:04.322797,2022-06-22,True
214,20220622  05:55:00,16.5,16.5,0,16.5,16.5,2022-06-26 13:51:04.322797,2022-06-22,True
215,20220622  06:00:00,16.5,16.5,0,16.5,16.5,2022-06-26 13:51:04.323795,2022-06-22,True
216,20220622  06:05:00,16.5,16.5,0,16.5,16.5,2022-06-26 13:51:04.323795,2022-06-22,True
217,20220622  06:10:00,16.5,16.5,0,16.5,16.5,2022-06-26 13:51:04.323795,2022-06-22,True
218,20220622  06:15:00,16.5,16.5,0,16.5,16.5,2022-06-26 13:51:04.323795,2022-06-22,True
219,20220622  06:20:00,16.5,16.5,0,16.5,16.5,2022-06-26 13:51:04.323795,2022-06-22,True
220,20220622  06:25:00,16.5,16.5,0,16.5,16.5,2022-06-26 13:51:04.323795,2022-06-22,True
221,20220622  06:30:00,16.5,16.5,0,16.5,16.5,2022-06-26 13:51:04.323795,2022-06-22,True
222,20220622  06:35:00,16.5,16.5,0,16.5,16.5,2022-06-26 13:51:04.323795,2022-06-22,True
223,20220622  06:40:00,16.5,16.5,0,16.5,16.5,2022-06-26 13:51:04.323795,2022-06-22,True
224,20220622  06:45:00,16.49,16.49,1,16.49,16.49,2022-06-26 13:51:04.323795,2022-06-22,True
225,20220622  06:50:00,16.49,16.49,0,16.49,16.49,2022-06-26 13:51:04.323795,2022-06-22,True
226,20220622  06:55:00,16.49,16.49,0,16.49,16.49,2022-06-26 13:51:04.323795,2022-06-22,True
227,20220622  07:00:00,16.49,16.49,0,16.49,16.49,2022-06-26 13:51:04.323795,2022-06-22,True
228,20220622  07:05:00,16.72,16.72392,5,16.74,16.72,2022-06-26 13:51:04.323795,2022-06-22,True
229,20220622  07:10:00,16.75,16.74225,8,16.75,16.74,2022-06-26 13:51:04.323795,2022-06-22,True
230,20220622  07:15:00,16.75,16.75,1,16.75,16.75,2022-06-26 13:51:04.323795,2022-06-22,True
231,20220622  07:20:00,16.75,16.75,0,16.75,16.75,2022-06-26 13:51:04.323795,2022-06-22,True
232,20220622  07:25:00,16.99,16.99,1,16.99,16.99,2022-06-26 13:51:04.323795,2022-06-22,True
233,20220622  07:30:00,16.99,16.99,0,16.99,16.99,2022-06-26 13:51:04.323795,2022-06-22,True
234,20220622  07:35:00,17.07,17.08833,6,17.12,17.07,2022-06-26 13:51:04.323795,2022-06-22,True
235,20220622  07:40:00,16.99,16.9754,6,17.08,16.9,2022-06-26 13:51:04.323795,2022-06-22,True
236,20220622  07:45:00,16.99,16.99,0,16.99,16.99,2022-06-26 13:51:04.323795,2022-06-22,True
237,20220622  07:50:00,16.97,16.97,1,16.97,16.97,2022-06-26 13:51:04.323795,2022-06-22,True
238,20220622  07:55:00,16.97,16.97,0,16.97,16.97,2022-06-26 13:51:04.323795,2022-06-22,True
239,20220622  08:00:00,16.97,16.7652,91,17.0,16.55,2022-06-26 13:51:04.323795,2022-06-22,True
240,20220622  08:05:00,16.98,16.96,10,16.98,16.86,2022-06-26 13:51:04.323795,2022-06-22,True
241,20220622  08:10:00,17.0,16.98711,57,17.0,16.96,2022-06-26 13:51:04.323795,2022-06-22,True
242,20220622  08:15:00,17.0,17.0,1,17.0,17.0,2022-06-26 13:51:04.323795,2022-06-22,True
243,20220622  08:20:00,16.98,16.94046,10,17.0,16.81,2022-06-26 13:51:04.323795,2022-06-22,True
244,20220622  08:25:00,17.12,17.00505,32,17.12,16.98,2022-06-26 13:51:04.323795,2022-06-22,True
245,20220622  08:30:00,17.36,17.10905,14,17.38,17.02,2022-06-26 13:51:04.323795,2022-06-22,True
246,20220622  08:35:00,17.36,17.36,1,17.36,17.36,2022-06-26 13:51:04.323795,2022-06-22,True
247,20220622  08:40:00,17.35,17.34998,13,17.35,17.3499,2022-06-26 13:51:04.324792,2022-06-22,True
248,20220622  08:45:00,17.35,17.33892,25,17.35,17.33,2022-06-26 13:51:04.324792,2022-06-22,True
249,20220622  08:50:00,17.39,17.37155,15,17.39,17.34,2022-06-26 13:51:04.324792,2022-06-22,True
250,20220622  08:55:00,17.55,17.5206,23,17.55,17.43,2022-06-26 13:51:04.324792,2022-06-22,True
251,20220622  09:00:00,17.4,17.46527,34,17.5,17.4,2022-06-26 13:51:04.324792,2022-06-22,True
252,20220622  09:05:00,17.4,17.40715,16,17.43,17.4,2022-06-26 13:51:04.324792,2022-06-22,True
253,20220622  09:10:00,17.31,17.3995,47,17.41,17.31,2022-06-26 13:51:04.324792,2022-06-22,True
254,20220622  09:15:00,17.3,17.3,11,17.3,17.3,2022-06-26 13:51:04.324792,2022-06-22,True
255,20220622  09:20:00,17.54,17.46046,51,17.55,17.4,2022-06-26 13:51:04.324792,2022-06-22,True
256,20220622  09:25:00,17.53,17.51206,21,17.53,17.45,2022-06-26 13:51:04.324792,2022-06-22,True
257,20220622  09:30:00,17.275,17.6246,2630,17.98,17.0,2022-06-26 13:51:04.324792,2022-06-22,True
258,20220622  09:35:00,17.15,17.28001,927,17.44,17.07,2022-06-26 13:51:04.324792,2022-06-22,True
259,20220622  09:40:00,16.4748,16.54632,1210,17.1454,16.21,2022-06-26 13:51:04.324792,2022-06-22,True
260,20220622  09:45:00,15.5431,15.94953,1294,16.41,15.51,2022-06-26 13:51:04.324792,2022-06-22,True
261,20220622  09:50:00,15.5003,15.81555,1016,16.2,15.5,2022-06-26 13:51:04.324792,2022-06-22,True
262,20220622  09:55:00,15.102,15.07826,2091,15.5999,14.65,2022-06-26 13:51:04.324792,2022-06-22,True
263,20220622  10:00:00,15.31,15.06108,1766,15.48,14.7,2022-06-26 13:51:04.324792,2022-06-22,True
264,20220622  10:05:00,15.0799,15.07172,608,15.3015,14.94,2022-06-26 13:51:04.324792,2022-06-22,True
265,20220622  10:10:00,14.9001,14.87189,578,15.0718,14.75,2022-06-26 13:51:04.324792,2022-06-22,True
266,20220622  10:15:00,14.6287,14.66238,1298,14.92,14.55,2022-06-26 13:51:04.324792,2022-06-22,True
267,20220622  10:20:00,14.5717,14.65628,591,14.82,14.5304,2022-06-26 13:51:04.324792,2022-06-22,True
268,20220622  10:25:00,14.6915,14.74977,951,14.9699,14.51,2022-06-26 13:51:04.324792,2022-06-22,True
269,20220622  10:30:00,14.8343,14.74715,1035,14.9,14.51,2022-06-26 13:51:04.324792,2022-06-22,True
270,20220622  10:35:00,15.0301,14.92758,918,15.1,14.8,2022-06-26 13:51:04.324792,2022-06-22,True
271,20220622  10:40:00,15.07,15.05323,1178,15.28,14.86,2022-06-26 13:51:04.324792,2022-06-22,True
272,20220622  10:45:00,14.94,14.98188,907,15.2,14.69,2022-06-26 13:51:04.324792,2022-06-22,True
273,20220622  10:50:00,14.63,14.79183,433,14.99,14.62,2022-06-26 13:51:04.324792,2022-06-22,True
274,20220622  10:55:00,14.9,14.79314,212,14.9,14.65,2022-06-26 13:51:04.324792,2022-06-22,True
275,20220622  11:00:00,14.85,14.78872,220,14.899,14.75,2022-06-26 13:51:04.324792,2022-06-22,True
276,20220622  11:05:00,14.825,14.86824,209,14.9899,14.77,2022-06-26 13:51:04.324792,2022-06-22,True
277,20220622  11:10:00,14.75,14.82609,90,14.8744,14.75,2022-06-26 13:51:04.325789,2022-06-22,True
278,20220622  11:15:00,14.7473,14.72128,71,14.805,14.65,2022-06-26 13:51:04.325789,2022-06-22,True
279,20220622  11:20:00,14.7,14.73364,101,14.79,14.7,2022-06-26 13:51:04.325789,2022-06-22,True
280,20220622  11:25:00,14.6471,14.58845,308,14.7584,14.51,2022-06-26 13:51:04.325789,2022-06-22,True
281,20220622  11:30:00,14.3899,14.38218,1023,14.7,14.17,2022-06-26 13:51:04.325789,2022-06-22,True
282,20220622  11:35:00,13.99,14.23028,861,14.424,13.81,2022-06-26 13:51:04.325789,2022-06-22,True
283,20220622  11:40:00,13.9,13.90922,814,14.0323,13.8,2022-06-26 13:51:04.325789,2022-06-22,True
284,20220622  11:45:00,13.705,13.80934,822,13.99,13.5105,2022-06-26 13:51:04.325789,2022-06-22,True
285,20220622  11:50:00,13.81,13.79635,402,13.93,13.65,2022-06-26 13:51:04.325789,2022-06-22,True
286,20220622  11:55:00,13.6,13.71101,340,13.8,13.5314,2022-06-26 13:51:04.325789,2022-06-22,True
287,20220622  12:00:00,13.85,13.77396,383,13.98,13.53,2022-06-26 13:51:04.325789,2022-06-22,True
288,20220622  12:05:00,14.0,13.90193,498,14.0,13.78,2022-06-26 13:51:04.325789,2022-06-22,True
289,20220622  12:10:00,14.23,14.22585,660,14.35,14.01,2022-06-26 13:51:04.325789,2022-06-22,True
290,20220622  12:15:00,13.9101,14.15539,504,14.2999,13.91,2022-06-26 13:51:04.325789,2022-06-22,True
291,20220622  12:20:00,14.05,14.08482,48,14.14,14.0001,2022-06-26 13:51:04.325789,2022-06-22,True
292,20220622  12:25:00,14.17,14.09895,162,14.2,14.0,2022-06-26 13:51:04.325789,2022-06-22,True
293,20220622  12:30:00,14.33,14.34165,734,14.49,14.1462,2022-06-26 13:51:04.325789,2022-06-22,True
294,20220622  12:35:00,14.1883,14.2503,385,14.3982,14.0501,2022-06-26 13:51:04.325789,2022-06-22,True
295,20220622  12:40:00,14.0001,14.04323,55,14.154,14.0,2022-06-26 13:51:04.325789,2022-06-22,True
296,20220622  12:45:00,14.14,14.12211,105,14.14,14.06,2022-06-26 13:51:04.325789,2022-06-22,True
297,20220622  12:50:00,14.14,14.14246,48,14.17,14.13,2022-06-26 13:51:04.325789,2022-06-22,True
298,20220622  12:55:00,13.98,14.04811,115,14.1522,13.98,2022-06-26 13:51:04.325789,2022-06-22,True
299,20220622  13:00:00,13.865,13.94721,97,14.0794,13.8,2022-06-26 13:51:04.325789,2022-06-22,True
300,20220622  13:05:00,13.8985,13.87066,116,13.93,13.8,2022-06-26 13:51:04.325789,2022-06-22,True
301,20220622  13:10:00,14.0999,13.94514,185,14.0999,13.89,2022-06-26 13:51:04.325789,2022-06-22,True
302,20220622  13:15:00,14.08,14.02486,205,14.12,13.9001,2022-06-26 13:51:04.325789,2022-06-22,True
303,20220622  13:20:00,14.08,14.09754,53,14.17,14.075,2022-06-26 13:51:04.325789,2022-06-22,True
304,20220622  13:25:00,14.04,14.02251,41,14.0587,14.0,2022-06-26 13:51:04.325789,2022-06-22,True
305,20220622  13:30:00,13.9159,13.92657,706,14.06,13.85,2022-06-26 13:51:04.325789,2022-06-22,True
306,20220622  13:35:00,13.84,13.86907,44,13.9484,13.84,2022-06-26 13:51:04.325789,2022-06-22,True
307,20220622  13:40:00,13.85,13.87708,41,13.9207,13.82,2022-06-26 13:51:04.325789,2022-06-22,True
308,20220622  13:45:00,13.925,13.84986,177,13.9768,13.8,2022-06-26 13:51:04.326787,2022-06-22,True
309,20220622  13:50:00,13.9294,13.97626,86,13.9904,13.9294,2022-06-26 13:51:04.326787,2022-06-22,True
310,20220622  13:55:00,13.93,13.91897,208,13.97,13.89,2022-06-26 13:51:04.326787,2022-06-22,True
311,20220622  14:00:00,13.9,13.89421,195,13.97,13.8,2022-06-26 13:51:04.326787,2022-06-22,True
312,20220622  14:05:00,13.905,13.93429,28,13.97,13.85,2022-06-26 13:51:04.326787,2022-06-22,True
313,20220622  14:10:00,14.0001,14.0199,220,14.105,13.9584,2022-06-26 13:51:04.326787,2022-06-22,True
314,20220622  14:15:00,13.916,14.13425,303,14.27,13.916,2022-06-26 13:51:04.326787,2022-06-22,True
315,20220622  14:20:00,14.52,14.40844,484,14.66,13.9801,2022-06-26 13:51:04.326787,2022-06-22,True
316,20220622  14:25:00,14.5,14.45625,286,14.55,14.3601,2022-06-26 13:51:04.326787,2022-06-22,True
317,20220622  14:30:00,14.55,14.60407,754,14.7889,14.4,2022-06-26 13:51:04.326787,2022-06-22,True
318,20220622  14:35:00,14.79,14.77103,781,14.9199,14.575,2022-06-26 13:51:04.326787,2022-06-22,True
319,20220622  14:40:00,14.855,15.17324,3094,15.68,14.8,2022-06-26 13:51:04.326787,2022-06-22,True
320,20220622  14:45:00,14.6754,14.78555,396,14.93,14.65,2022-06-26 13:51:04.326787,2022-06-22,True
321,20220622  14:50:00,14.92,14.81523,102,14.9898,14.7,2022-06-26 13:51:04.326787,2022-06-22,True
322,20220622  14:55:00,14.8039,14.85986,158,14.9899,14.8001,2022-06-26 13:51:04.326787,2022-06-22,True
323,20220622  15:00:00,14.81,14.84584,282,14.9399,14.7501,2022-06-26 13:51:04.326787,2022-06-22,True
324,20220622  15:05:00,15.0,14.69037,150,15.0,14.6,2022-06-26 13:51:04.326787,2022-06-22,True
325,20220622  15:10:00,14.705,14.83527,86,14.9999,14.6,2022-06-26 13:51:04.326787,2022-06-22,True
326,20220622  15:15:00,14.65,14.67822,77,14.73,14.6,2022-06-26 13:51:04.326787,2022-06-22,True
327,20220622  15:20:00,14.5719,14.58991,99,14.6427,14.55,2022-06-26 13:51:04.326787,2022-06-22,True
328,20220622  15:25:00,14.63,14.63224,42,14.69,14.6,2022-06-26 13:51:04.326787,2022-06-22,True
329,20220622  15:30:00,14.5,14.56607,262,14.6496,14.5,2022-06-26 13:51:04.326787,2022-06-22,True
330,20220622  15:35:00,14.6901,14.57009,193,14.6901,14.5,2022-06-26 13:51:04.326787,2022-06-22,True
331,20220622  15:40:00,14.905,14.7669,263,14.94,14.6201,2022-06-26 13:51:04.326787,2022-06-22,True
332,20220622  15:45:00,14.81,14.84195,362,14.94,14.785,2022-06-26 13:51:04.326787,2022-06-22,True
333,20220622  15:50:00,14.61,14.69566,286,14.86,14.48,2022-06-26 13:51:04.326787,2022-06-22,True
334,20220622  15:55:00,14.8036,14.75883,631,14.9,14.6635,2022-06-26 13:51:04.326787,2022-06-22,True
335,20220622  16:00:00,14.88,14.80902,372,14.88,14.69,2022-06-26 13:51:04.326787,2022-06-22,True
336,20220622  16:05:00,14.69,14.69,1,14.69,14.69,2022-06-26 13:51:04.326787,2022-06-22,True
337,20220622  16:10:00,14.69,14.69,0,14.69,14.69,2022-06-26 13:51:04.326787,2022-06-22,True
338,20220622  16:15:00,14.5,14.66113,49,14.71,14.5,2022-06-26 13:51:04.327784,2022-06-22,True
339,20220622  16:20:00,14.48,14.49805,12,14.51,14.48,2022-06-26 13:51:04.327784,2022-06-22,True
340,20220622  16:25:00,14.48,14.48286,7,14.49,14.48,2022-06-26 13:51:04.327784,2022-06-22,True
341,20220622  16:30:00,14.48,14.48938,8,14.5,14.48,2022-06-26 13:51:04.327784,2022-06-22,True
342,20220622  16:35:00,14.53,14.51247,11,14.53,14.48,2022-06-26 13:51:04.327784,2022-06-22,True
343,20220622  16:40:00,14.53,14.53,0,14.53,14.53,2022-06-26 13:51:04.327784,2022-06-22,True
344,20220622  16:45:00,14.53,14.53,0,14.53,14.53,2022-06-26 13:51:04.327784,2022-06-22,True
345,20220622  16:50:00,14.5,14.5,1,14.5,14.5,2022-06-26 13:51:04.327784,2022-06-22,True
346,20220622  16:55:00,14.5,14.5,0,14.5,14.5,2022-06-26 13:51:04.327784,2022-06-22,True
347,20220622  17:00:00,14.5,14.5,0,14.5,14.5,2022-06-26 13:51:04.327784,2022-06-22,True
348,20220622  17:05:00,14.5,14.5,0,14.5,14.5,2022-06-26 13:51:04.327784,2022-06-22,True
349,20220622  17:10:00,14.66,14.66,5,14.66,14.66,2022-06-26 13:51:04.327784,2022-06-22,True
350,20220622  17:15:00,14.66,14.66,0,14.66,14.66,2022-06-26 13:51:04.327784,2022-06-22,True
351,20220622  17:20:00,14.5,14.5,9,14.5,14.5,2022-06-26 13:51:04.327784,2022-06-22,True
352,20220622  17:25:00,14.5,14.5,0,14.5,14.5,2022-06-26 13:51:04.327784,2022-06-22,True
353,20220622  17:30:00,14.5,14.5,0,14.5,14.5,2022-06-26 13:51:04.327784,2022-06-22,True
354,20220622  17:35:00,14.5,14.5,0,14.5,14.5,2022-06-26 13:51:04.327784,2022-06-22,True
355,20220622  17:40:00,14.65,14.65,4,14.65,14.65,2022-06-26 13:51:04.327784,2022-06-22,True
356,20220622  17:45:00,14.65,14.65,0,14.65,14.65,2022-06-26 13:51:04.327784,2022-06-22,True
357,20220622  17:50:00,14.65,14.65,0,14.65,14.65,2022-06-26 13:51:04.327784,2022-06-22,True
358,20220622  17:55:00,14.65,14.65,0,14.65,14.65,2022-06-26 13:51:04.327784,2022-06-22,True
359,20220622  18:00:00,14.65,14.65,0,14.65,14.65,2022-06-26 13:51:04.327784,2022-06-22,True
360,20220622  18:05:00,14.65,14.65,0,14.65,14.65,2022-06-26 13:51:04.327784,2022-06-22,True
361,20220622  18:10:00,14.5,14.5,7,14.5,14.5,2022-06-26 13:51:04.327784,2022-06-22,True
362,20220622  18:15:00,14.5,14.5,0,14.5,14.5,2022-06-26 13:51:04.327784,2022-06-22,True
363,20220622  18:20:00,14.5,14.5,0,14.5,14.5,2022-06-26 13:51:04.327784,2022-06-22,True
364,20220622  18:25:00,14.6,14.59046,9,14.6,14.58,2022-06-26 13:51:04.327784,2022-06-22,True
365,20220622  18:30:00,14.6,14.6,0,14.6,14.6,2022-06-26 13:51:04.327784,2022-06-22,True
366,20220622  18:35:00,14.6,14.6,0,14.6,14.6,2022-06-26 13:51:04.327784,2022-06-22,True
367,20220622  18:40:00,14.6,14.6,0,14.6,14.6,2022-06-26 13:51:04.327784,2022-06-22,True
368,20220622  18:45:00,14.53,14.53,8,14.53,14.53,2022-06-26 13:51:04.327784,2022-06-22,True
369,20220622  18:50:00,14.53,14.53,0,14.53,14.53,2022-06-26 13:51:04.328781,2022-06-22,True
370,20220622  18:55:00,14.66,14.66,2,14.66,14.66,2022-06-26 13:51:04.328781,2022-06-22,True
371,20220622  19:00:00,14.66,14.66,0,14.66,14.66,2022-06-26 13:51:04.328781,2022-06-22,True
372,20220622  19:05:00,14.66,14.66,0,14.66,14.66,2022-06-26 13:51:04.328781,2022-06-22,True
373,20220622  19:10:00,14.66,14.66,0,14.66,14.66,2022-06-26 13:51:04.328781,2022-06-22,True
374,20220622  19:15:00,14.66,14.66,4,14.66,14.66,2022-06-26 13:51:04.328781,2022-06-22,True
375,20220622  19:20:00,14.7,14.7,3,14.7,14.7,2022-06-26 13:51:04.328781,2022-06-22,True
376,20220622  19:25:00,14.7,14.7,0,14.7,14.7,2022-06-26 13:51:04.328781,2022-06-22,True
377,20220622  19:30:00,14.65,14.65,1,14.65,14.65,2022-06-26 13:51:04.328781,2022-06-22,True
378,20220622  19:35:00,14.65,14.65,0,14.65,14.65,2022-06-26 13:51:04.328781,2022-06-22,True
379,20220622  19:40:00,14.44,14.46144,5,14.5,14.44,2022-06-26 13:51:04.328781,2022-06-22,True
380,20220622  19:45:00,14.44,14.44,0,14.44,14.44,2022-06-26 13:51:04.328781,2022-06-22,True
381,20220622  19:50:00,14.57,14.57,1,14.57,14.57,2022-06-26 13:51:04.328781,2022-06-22,True
382,20220622  19:55:00,14.48,14.53402,25,14.5699,14.48,2022-06-26 13:51:04.328781,2022-06-22,False
383,20220623  04:00:00,14.48,13.96295,10,14.48,13.7,2022-06-26 13:51:04.328781,2022-06-23,True
384,20220623  04:05:00,14.48,14.48,0,14.48,14.48,2022-06-26 13:51:04.328781,2022-06-23,True
385,20220623  04:10:00,14.06,14.06552,7,14.07,14.06,2022-06-26 13:51:04.328781,2022-06-23,True
386,20220623  04:15:00,14.07,14.07744,6,14.1,14.07,2022-06-26 13:51:04.328781,2022-06-23,True
387,20220623  04:20:00,14.07,14.07,0,14.07,14.07,2022-06-26 13:51:04.328781,2022-06-23,True
388,20220623  04:25:00,14.07,14.07,0,14.07,14.07,2022-06-26 13:51:04.328781,2022-06-23,True
389,20220623  04:30:00,14.07,14.07,0,14.07,14.07,2022-06-26 13:51:04.328781,2022-06-23,True
390,20220623  04:35:00,14.07,14.07,0,14.07,14.07,2022-06-26 13:51:04.328781,2022-06-23,True
391,20220623  04:40:00,14.07,14.07,0,14.07,14.07,2022-06-26 13:51:04.328781,2022-06-23,True
392,20220623  04:45:00,14.07,14.07,0,14.07,14.07,2022-06-26 13:51:04.328781,2022-06-23,True
393,20220623  04:50:00,14.07,14.07,0,14.07,14.07,2022-06-26 13:51:04.328781,2022-06-23,True
394,20220623  04:55:00,14.07,14.07,0,14.07,14.07,2022-06-26 13:51:04.329779,2022-06-23,True
395,20220623  05:00:00,14.07,14.07,0,14.07,14.07,2022-06-26 13:51:04.329779,2022-06-23,True
396,20220623  05:05:00,14.07,14.07,0,14.07,14.07,2022-06-26 13:51:04.329779,2022-06-23,True
397,20220623  05:10:00,14.07,14.07,0,14.07,14.07,2022-06-26 13:51:04.329779,2022-06-23,True
398,20220623  05:15:00,14.07,14.07,0,14.07,14.07,2022-06-26 13:51:04.329779,2022-06-23,True
399,20220623  05:20:00,14.07,14.07,0,14.07,14.07,2022-06-26 13:51:04.329779,2022-06-23,True
400,20220623  05:25:00,14.07,14.07,0,14.07,14.07,2022-06-26 13:51:04.329779,2022-06-23,True
401,20220623  05:30:00,14.07,14.07,0,14.07,14.07,2022-06-26 13:51:04.329779,2022-06-23,True
402,20220623  05:35:00,14.07,14.07,0,14.07,14.07,2022-06-26 13:51:04.329779,2022-06-23,True
403,20220623  05:40:00,14.07,14.07,0,14.07,14.07,2022-06-26 13:51:04.329779,2022-06-23,True
404,20220623  05:45:00,14.07,14.07,0,14.07,14.07,2022-06-26 13:51:04.329779,2022-06-23,True
405,20220623  05:50:00,14.07,14.07,0,14.07,14.07,2022-06-26 13:51:04.329779,2022-06-23,True
406,20220623  05:55:00,14.07,14.07,0,14.07,14.07,2022-06-26 13:51:04.329779,2022-06-23,True
407,20220623  06:00:00,14.07,14.07,0,14.07,14.07,2022-06-26 13:51:04.329779,2022-06-23,True
408,20220623  06:05:00,14.07,14.07,0,14.07,14.07,2022-06-26 13:51:04.329779,2022-06-23,True
409,20220623  06:10:00,14.07,14.07,0,14.07,14.07,2022-06-26 13:51:04.329779,2022-06-23,True
410,20220623  06:15:00,14.07,14.07,0,14.07,14.07,2022-06-26 13:51:04.329779,2022-06-23,True
411,20220623  06:20:00,14.07,14.07,0,14.07,14.07,2022-06-26 13:51:04.329779,2022-06-23,True
412,20220623  06:25:00,14.07,14.07,0,14.07,14.07,2022-06-26 13:51:04.329779,2022-06-23,True
413,20220623  06:30:00,14.07,14.07,0,14.07,14.07,2022-06-26 13:51:04.329779,2022-06-23,True
414,20220623  06:35:00,14.37,14.37,1,14.37,14.37,2022-06-26 13:51:04.329779,2022-06-23,True
415,20220623  06:40:00,14.37,14.37,0,14.37,14.37,2022-06-26 13:51:04.329779,2022-06-23,True
416,20220623  06:45:00,14.37,14.37,0,14.37,14.37,2022-06-26 13:51:04.329779,2022-06-23,True
417,20220623  06:50:00,14.1,14.1,2,14.1,14.1,2022-06-26 13:51:04.329779,2022-06-23,True
418,20220623  06:55:00,14.1,14.1,0,14.1,14.1,2022-06-26 13:51:04.329779,2022-06-23,True
419,20220623  07:00:00,14.35,14.27283,13,14.36,14.15,2022-06-26 13:51:04.329779,2022-06-23,True
420,20220623  07:05:00,14.35,14.28233,6,14.35,14.19,2022-06-26 13:51:04.329779,2022-06-23,True
421,20220623  07:10:00,14.35,14.35,0,14.35,14.35,2022-06-26 13:51:04.329779,2022-06-23,True
422,20220623  07:15:00,14.35,14.35,0,14.35,14.35,2022-06-26 13:51:04.329779,2022-06-23,True
423,20220623  07:20:00,14.11,14.11,1,14.11,14.11,2022-06-26 13:51:04.329779,2022-06-23,True
424,20220623  07:25:00,14.11,14.11,0,14.11,14.11,2022-06-26 13:51:04.329779,2022-06-23,True
425,20220623  07:30:00,14.2,14.19514,6,14.2,14.19,2022-06-26 13:51:04.330776,2022-06-23,True
426,20220623  07:35:00,14.39,14.39,3,14.39,14.39,2022-06-26 13:51:04.330776,2022-06-23,True
427,20220623  07:40:00,14.35,14.35,1,14.35,14.35,2022-06-26 13:51:04.330776,2022-06-23,True
428,20220623  07:45:00,14.35,14.35,0,14.35,14.35,2022-06-26 13:51:04.330776,2022-06-23,True
429,20220623  07:50:00,14.35,14.35,0,14.35,14.35,2022-06-26 13:51:04.330776,2022-06-23,True
430,20220623  07:55:00,14.3,14.3,1,14.3,14.3,2022-06-26 13:51:04.330776,2022-06-23,True
431,20220623  08:00:00,14.34,14.2063,64,14.45,14.06,2022-06-26 13:51:04.330776,2022-06-23,True
432,20220623  08:05:00,14.11,14.13256,7,14.2,14.11,2022-06-26 13:51:04.330776,2022-06-23,True
433,20220623  08:10:00,14.12,14.12,1,14.12,14.12,2022-06-26 13:51:04.330776,2022-06-23,True
434,20220623  08:15:00,14.13,14.13,5,14.13,14.13,2022-06-26 13:51:04.330776,2022-06-23,True
435,20220623  08:20:00,14.13,14.1244,14,14.13,14.11,2022-06-26 13:51:04.330776,2022-06-23,True
436,20220623  08:25:00,14.13,14.25758,13,14.45,14.13,2022-06-26 13:51:04.330776,2022-06-23,True
437,20220623  08:30:00,14.18,14.1463,10,14.18,14.11,2022-06-26 13:51:04.330776,2022-06-23,True
438,20220623  08:35:00,14.18,14.18,1,14.18,14.18,2022-06-26 13:51:04.330776,2022-06-23,True
439,20220623  08:40:00,14.1,14.14,3,14.17,14.1,2022-06-26 13:51:04.330776,2022-06-23,True
440,20220623  08:45:00,14.1,14.1075,20,14.15,14.1,2022-06-26 13:51:04.330776,2022-06-23,True
441,20220623  08:50:00,14.16,14.17333,3,14.2,14.16,2022-06-26 13:51:04.330776,2022-06-23,True
442,20220623  08:55:00,14.12,14.13385,43,14.16,14.12,2022-06-26 13:51:04.330776,2022-06-23,True
443,20220623  09:00:00,14.23,14.23284,4,14.24,14.23,2022-06-26 13:51:04.330776,2022-06-23,True
444,20220623  09:05:00,14.13,14.13,3,14.13,14.13,2022-06-26 13:51:04.330776,2022-06-23,True
445,20220623  09:10:00,14.19,14.19,1,14.19,14.19,2022-06-26 13:51:04.330776,2022-06-23,True
446,20220623  09:15:00,14.11,14.11845,14,14.22,14.11,2022-06-26 13:51:04.330776,2022-06-23,True
447,20220623  09:20:00,14.12,14.12,2,14.12,14.12,2022-06-26 13:51:04.330776,2022-06-23,True
448,20220623  09:25:00,13.95,14.12439,38,14.29,13.95,2022-06-26 13:51:04.330776,2022-06-23,True
449,20220623  09:30:00,14.31,14.18559,963,14.7499,13.84,2022-06-26 13:51:04.330776,2022-06-23,True
450,20220623  09:35:00,13.2494,13.72469,1148,14.56,13.03,2022-06-26 13:51:04.330776,2022-06-23,True
451,20220623  09:40:00,13.365,13.14876,1182,13.53,13.0,2022-06-26 13:51:04.330776,2022-06-23,True
452,20220623  09:45:00,13.1205,13.23471,433,13.4884,13.1,2022-06-26 13:51:04.330776,2022-06-23,True
453,20220623  09:50:00,13.2,13.15611,173,13.2979,13.03,2022-06-26 13:51:04.330776,2022-06-23,True
454,20220623  09:55:00,13.425,13.38269,251,13.49,13.2311,2022-06-26 13:51:04.330776,2022-06-23,True
455,20220623  10:00:00,13.2903,13.34561,80,13.4982,13.2,2022-06-26 13:51:04.331773,2022-06-23,True
456,20220623  10:05:00,12.8999,12.98784,769,13.29,12.8301,2022-06-26 13:51:04.331773,2022-06-23,True
457,20220623  10:10:00,12.7201,12.76967,550,12.8999,12.67,2022-06-26 13:51:04.331773,2022-06-23,True
458,20220623  10:15:00,13.04,12.88383,392,13.1,12.7,2022-06-26 13:51:04.331773,2022-06-23,True
459,20220623  10:20:00,12.98,13.07448,236,13.1899,12.9601,2022-06-26 13:51:04.331773,2022-06-23,True
460,20220623  10:25:00,13.0,13.0537,108,13.1485,12.97,2022-06-26 13:51:04.331773,2022-06-23,True
461,20220623  10:30:00,13.0,12.92244,140,13.01,12.85,2022-06-26 13:51:04.331773,2022-06-23,True
462,20220623  10:35:00,12.75,12.85949,181,12.9999,12.74,2022-06-26 13:51:04.331773,2022-06-23,True
463,20220623  10:40:00,12.8301,12.89584,135,12.9899,12.7621,2022-06-26 13:51:04.331773,2022-06-23,True
464,20220623  10:45:00,12.93,12.97248,200,13.0,12.8501,2022-06-26 13:51:04.331773,2022-06-23,True
465,20220623  10:50:00,12.87,12.88175,190,12.93,12.7748,2022-06-26 13:51:04.331773,2022-06-23,True
466,20220623  10:55:00,12.8332,12.79954,185,12.8737,12.76,2022-06-26 13:51:04.331773,2022-06-23,True
467,20220623  11:00:00,12.675,12.69647,305,12.83,12.61,2022-06-26 13:51:04.331773,2022-06-23,True
468,20220623  11:05:00,12.75,12.69035,111,12.75,12.622,2022-06-26 13:51:04.331773,2022-06-23,True
469,20220623  11:10:00,12.6424,12.65854,86,12.7214,12.61,2022-06-26 13:51:04.331773,2022-06-23,True
470,20220623  11:15:00,12.6,12.52731,304,12.61,12.43,2022-06-26 13:51:04.331773,2022-06-23,True
471,20220623  11:20:00,12.6762,12.67925,255,12.72,12.61,2022-06-26 13:51:04.331773,2022-06-23,True
472,20220623  11:25:00,12.85,12.79764,324,12.85,12.68,2022-06-26 13:51:04.331773,2022-06-23,True
473,20220623  11:30:00,12.7171,12.66662,196,12.86,12.5801,2022-06-26 13:51:04.331773,2022-06-23,True
474,20220623  11:35:00,12.5499,12.53446,174,12.72,12.5,2022-06-26 13:51:04.331773,2022-06-23,True
475,20220623  11:40:00,12.43,12.44631,267,12.5401,12.37,2022-06-26 13:51:04.331773,2022-06-23,True
476,20220623  11:45:00,12.5067,12.46581,154,12.5067,12.3859,2022-06-26 13:51:04.331773,2022-06-23,True
477,20220623  11:50:00,12.58,12.54586,114,12.598,12.45,2022-06-26 13:51:04.331773,2022-06-23,True
478,20220623  11:55:00,12.3158,12.36513,306,12.5557,12.27,2022-06-26 13:51:04.331773,2022-06-23,True
479,20220623  12:00:00,12.235,12.25584,329,12.35,12.2,2022-06-26 13:51:04.331773,2022-06-23,True
480,20220623  12:05:00,12.44,12.35673,165,12.44,12.225,2022-06-26 13:51:04.331773,2022-06-23,True
481,20220623  12:10:00,12.4,12.32733,79,12.43,12.2701,2022-06-26 13:51:04.331773,2022-06-23,True
482,20220623  12:15:00,12.15,12.17925,477,12.36,12.07,2022-06-26 13:51:04.331773,2022-06-23,True
483,20220623  12:20:00,12.17,12.14078,277,12.26,12.0489,2022-06-26 13:51:04.331773,2022-06-23,True
484,20220623  12:25:00,12.075,12.12367,128,12.23,12.0545,2022-06-26 13:51:04.331773,2022-06-23,True
485,20220623  12:30:00,12.055,12.04572,275,12.1,12.01,2022-06-26 13:51:04.331773,2022-06-23,True
486,20220623  12:35:00,11.8854,11.85651,812,12.02,11.71,2022-06-26 13:51:04.332771,2022-06-23,True
487,20220623  12:40:00,12.15,11.96808,211,12.15,11.8001,2022-06-26 13:51:04.332771,2022-06-23,True
488,20220623  12:45:00,12.1627,12.15426,208,12.2999,12.0601,2022-06-26 13:51:04.332771,2022-06-23,True
489,20220623  12:50:00,12.1306,12.15563,42,12.1999,12.12,2022-06-26 13:51:04.332771,2022-06-23,True
490,20220623  12:55:00,12.09,12.06748,79,12.1392,12.0,2022-06-26 13:51:04.332771,2022-06-23,True
491,20220623  13:00:00,11.9501,12.0227,101,12.0797,11.9501,2022-06-26 13:51:04.332771,2022-06-23,True
492,20220623  13:05:00,11.95,11.91174,65,11.9894,11.8501,2022-06-26 13:51:04.332771,2022-06-23,True
493,20220623  13:10:00,12.125,12.01992,142,12.16,11.9082,2022-06-26 13:51:04.332771,2022-06-23,True
494,20220623  13:15:00,12.1453,12.15181,184,12.2,12.0283,2022-06-26 13:51:04.332771,2022-06-23,True
495,20220623  13:20:00,12.1113,12.14521,131,12.19,12.0768,2022-06-26 13:51:04.332771,2022-06-23,True
496,20220623  13:25:00,12.105,12.13155,113,12.25,12.05,2022-06-26 13:51:04.332771,2022-06-23,True
497,20220623  13:30:00,12.0999,11.99348,138,12.11,11.822,2022-06-26 13:51:04.332771,2022-06-23,True
498,20220623  13:35:00,12.08,12.05503,123,12.14,11.9669,2022-06-26 13:51:04.332771,2022-06-23,True
499,20220623  13:40:00,12.159,12.10487,87,12.159,12.04,2022-06-26 13:51:04.332771,2022-06-23,True
500,20220623  13:45:00,12.15,12.18581,232,12.22,12.15,2022-06-26 13:51:04.332771,2022-06-23,True
501,20220623  13:50:00,12.1407,12.10212,103,12.1856,12.0101,2022-06-26 13:51:04.332771,2022-06-23,True
502,20220623  13:55:00,12.0752,12.06278,55,12.14,11.9601,2022-06-26 13:51:04.332771,2022-06-23,True
503,20220623  14:00:00,12.15,12.09921,73,12.1787,12.0099,2022-06-26 13:51:04.332771,2022-06-23,True
504,20220623  14:05:00,12.1599,12.12312,86,12.18,12.0268,2022-06-26 13:51:04.332771,2022-06-23,True
505,20220623  14:10:00,12.14,12.07939,42,12.17,12.0001,2022-06-26 13:51:04.332771,2022-06-23,True
506,20220623  14:15:00,12.05,12.09736,17,12.14,12.05,2022-06-26 13:51:04.332771,2022-06-23,True
507,20220623  14:20:00,12.08,12.08,4,12.08,12.08,2022-06-26 13:51:04.332771,2022-06-23,True
508,20220623  14:25:00,12.2744,12.25464,395,12.35,12.0409,2022-06-26 13:51:04.332771,2022-06-23,True
509,20220623  14:30:00,12.4,12.34394,117,12.43,12.28,2022-06-26 13:51:04.332771,2022-06-23,True
510,20220623  14:35:00,12.3921,12.4492,170,12.49,12.35,2022-06-26 13:51:04.332771,2022-06-23,True
511,20220623  14:40:00,12.475,12.36294,113,12.4799,12.3201,2022-06-26 13:51:04.332771,2022-06-23,True
512,20220623  14:45:00,12.85,12.65066,428,12.9,12.45,2022-06-26 13:51:04.332771,2022-06-23,True
513,20220623  14:50:00,12.5585,12.63477,279,12.85,12.5,2022-06-26 13:51:04.332771,2022-06-23,True
514,20220623  14:55:00,12.7,12.64865,80,12.7,12.56,2022-06-26 13:51:04.332771,2022-06-23,True
515,20220623  15:00:00,12.6399,12.58627,151,12.68,12.5001,2022-06-26 13:51:04.332771,2022-06-23,True
516,20220623  15:05:00,12.51,12.53211,92,12.65,12.5,2022-06-26 13:51:04.332771,2022-06-23,True
517,20220623  15:10:00,12.5692,12.56336,32,12.62,12.548,2022-06-26 13:51:04.332771,2022-06-23,True
518,20220623  15:15:00,12.4805,12.35999,211,12.59,12.22,2022-06-26 13:51:04.333768,2022-06-23,True
519,20220623  15:20:00,12.2752,12.35429,93,12.525,12.24,2022-06-26 13:51:04.333768,2022-06-23,True
520,20220623  15:25:00,12.32,12.34102,45,12.4503,12.275,2022-06-26 13:51:04.333768,2022-06-23,True
521,20220623  15:30:00,12.105,12.23816,155,12.37,12.0023,2022-06-26 13:51:04.333768,2022-06-23,True
522,20220623  15:35:00,12.175,12.1278,227,12.242,12.05,2022-06-26 13:51:04.333768,2022-06-23,True
523,20220623  15:40:00,12.07,12.0946,142,12.22,12.0,2022-06-26 13:51:04.333768,2022-06-23,True
524,20220623  15:45:00,12.155,12.15954,251,12.25,12.07,2022-06-26 13:51:04.333768,2022-06-23,True
525,20220623  15:50:00,12.185,12.15357,72,12.2,12.1,2022-06-26 13:51:04.333768,2022-06-23,True
526,20220623  15:55:00,12.0,11.79878,646,12.185,11.5,2022-06-26 13:51:04.333768,2022-06-23,True
527,20220623  16:00:00,11.9,11.8805,142,11.91,11.88,2022-06-26 13:51:04.333768,2022-06-23,True
528,20220623  16:05:00,11.9,11.9,0,11.9,11.9,2022-06-26 13:51:04.333768,2022-06-23,True
529,20220623  16:10:00,12.2,12.15265,37,12.2,11.95,2022-06-26 13:51:04.333768,2022-06-23,True
530,20220623  16:15:00,11.9,11.90132,7,11.91,11.9,2022-06-26 13:51:04.333768,2022-06-23,True
531,20220623  16:20:00,11.85,11.85,3,11.85,11.85,2022-06-26 13:51:04.333768,2022-06-23,True
532,20220623  16:25:00,11.85,11.85,0,11.85,11.85,2022-06-26 13:51:04.333768,2022-06-23,True
533,20220623  16:30:00,12.15,12.00401,19,12.15,11.91,2022-06-26 13:51:04.333768,2022-06-23,True
534,20220623  16:35:00,12.15,12.15,0,12.15,12.15,2022-06-26 13:51:04.333768,2022-06-23,True
535,20220623  16:40:00,12.15,12.10455,22,12.15,11.95,2022-06-26 13:51:04.333768,2022-06-23,True
536,20220623  16:45:00,11.99,11.99946,18,12.0,11.99,2022-06-26 13:51:04.333768,2022-06-23,True
537,20220623  16:50:00,11.92,11.93089,23,11.95,11.92,2022-06-26 13:51:04.333768,2022-06-23,True
538,20220623  16:55:00,11.92,11.92,0,11.92,11.92,2022-06-26 13:51:04.333768,2022-06-23,True
539,20220623  17:00:00,11.88,11.89714,7,11.92,11.88,2022-06-26 13:51:04.333768,2022-06-23,True
540,20220623  17:05:00,11.88,11.88,0,11.88,11.88,2022-06-26 13:51:04.333768,2022-06-23,True
541,20220623  17:10:00,11.81,11.84763,16,11.8501,11.81,2022-06-26 13:51:04.333768,2022-06-23,True
542,20220623  17:15:00,11.81,11.8184,3,11.84,11.81,2022-06-26 13:51:04.333768,2022-06-23,True
543,20220623  17:20:00,11.81,11.81,0,11.81,11.81,2022-06-26 13:51:04.333768,2022-06-23,True
544,20220623  17:25:00,11.84,11.84,28,11.84,11.84,2022-06-26 13:51:04.333768,2022-06-23,True
545,20220623  17:30:00,11.85,11.84576,35,11.85,11.82,2022-06-26 13:51:04.333768,2022-06-23,True
546,20220623  17:35:00,11.85,11.85,0,11.85,11.85,2022-06-26 13:51:04.333768,2022-06-23,True
547,20220623  17:40:00,11.85,11.85,58,11.85,11.85,2022-06-26 13:51:04.333768,2022-06-23,True
548,20220623  17:45:00,11.88,11.88,3,11.88,11.88,2022-06-26 13:51:04.333768,2022-06-23,True
549,20220623  17:50:00,11.9,11.88967,10,11.9,11.87,2022-06-26 13:51:04.334767,2022-06-23,True
550,20220623  17:55:00,11.9,11.9,0,11.9,11.9,2022-06-26 13:51:04.334767,2022-06-23,True
551,20220623  18:00:00,11.9,11.9,0,11.9,11.9,2022-06-26 13:51:04.334767,2022-06-23,True
552,20220623  18:05:00,11.83,11.83,2,11.83,11.83,2022-06-26 13:51:04.334767,2022-06-23,True
553,20220623  18:10:00,11.95,11.96667,4,12.0,11.95,2022-06-26 13:51:04.334767,2022-06-23,True
554,20220623  18:15:00,11.95,11.95,1,11.95,11.95,2022-06-26 13:51:04.334767,2022-06-23,True
555,20220623  18:20:00,11.9,11.90968,31,12.0,11.9,2022-06-26 13:51:04.334767,2022-06-23,True
556,20220623  18:25:00,11.9,11.9,0,11.9,11.9,2022-06-26 13:51:04.334767,2022-06-23,True
557,20220623  18:30:00,12.0,12.0,9,12.0,12.0,2022-06-26 13:51:04.334767,2022-06-23,True
558,20220623  18:35:00,12.0,12.0,1,12.0,12.0,2022-06-26 13:51:04.334767,2022-06-23,True
559,20220623  18:40:00,12.0,12.0,1,12.0,12.0,2022-06-26 13:51:04.334767,2022-06-23,True
560,20220623  18:45:00,12.0,12.0,0,12.0,12.0,2022-06-26 13:51:04.334767,2022-06-23,True
561,20220623  18:50:00,12.0,12.0,0,12.0,12.0,2022-06-26 13:51:04.334767,2022-06-23,True
562,20220623  18:55:00,12.0,12.0,6,12.0,12.0,2022-06-26 13:51:04.334767,2022-06-23,True
563,20220623  19:00:00,12.0,12.0,0,12.0,12.0,2022-06-26 13:51:04.334767,2022-06-23,True
564,20220623  19:05:00,12.0,12.0,5,12.0,12.0,2022-06-26 13:51:04.334767,2022-06-23,True
565,20220623  19:10:00,12.0,12.0,0,12.0,12.0,2022-06-26 13:51:04.334767,2022-06-23,True
566,20220623  19:15:00,12.0,12.0,8,12.0,12.0,2022-06-26 13:51:04.334767,2022-06-23,True
567,20220623  19:20:00,12.0,12.0,0,12.0,12.0,2022-06-26 13:51:04.334767,2022-06-23,True
568,20220623  19:25:00,11.92,11.92,2,11.92,11.92,2022-06-26 13:51:04.334767,2022-06-23,True
569,20220623  19:30:00,11.92,11.92,0,11.92,11.92,2022-06-26 13:51:04.334767,2022-06-23,True
570,20220623  19:35:00,11.91,11.92231,5,11.93,11.91,2022-06-26 13:51:04.334767,2022-06-23,True
571,20220623  19:40:00,11.9,11.9,10,11.9,11.9,2022-06-26 13:51:04.334767,2022-06-23,True
572,20220623  19:45:00,11.9,11.9,4,11.9,11.9,2022-06-26 13:51:04.334767,2022-06-23,True
573,20220623  19:50:00,11.9,11.9,0,11.9,11.9,2022-06-26 13:51:04.334767,2022-06-23,True
574,20220623  19:55:00,11.76,11.7782,13,11.83,11.76,2022-06-26 13:51:04.334767,2022-06-23,False
575,20220624  04:00:00,11.75,11.84304,14,11.88,11.74,2022-06-26 13:51:04.334767,2022-06-24,True
576,20220624  04:05:00,11.75,11.75,1,11.75,11.75,2022-06-26 13:51:04.335763,2022-06-24,True
577,20220624  04:10:00,11.75,11.75,0,11.75,11.75,2022-06-26 13:51:04.335763,2022-06-24,True
578,20220624  04:15:00,11.75,11.75,0,11.75,11.75,2022-06-26 13:51:04.335763,2022-06-24,True
579,20220624  04:20:00,11.75,11.75,0,11.75,11.75,2022-06-26 13:51:04.335763,2022-06-24,True
580,20220624  04:25:00,11.68,11.68,2,11.68,11.68,2022-06-26 13:51:04.335763,2022-06-24,True
581,20220624  04:30:00,11.64,11.57884,16,11.68,11.5,2022-06-26 13:51:04.335763,2022-06-24,True
582,20220624  04:35:00,11.5,11.6895,20,12.0,11.48,2022-06-26 13:51:04.335763,2022-06-24,True
583,20220624  04:40:00,11.55,11.556,5,11.57,11.55,2022-06-26 13:51:04.335763,2022-06-24,True
584,20220624  04:45:00,11.55,11.55,0,11.55,11.55,2022-06-26 13:51:04.335763,2022-06-24,True
585,20220624  04:50:00,11.55,11.55,0,11.55,11.55,2022-06-26 13:51:04.335763,2022-06-24,True
586,20220624  04:55:00,11.55,11.55,0,11.55,11.55,2022-06-26 13:51:04.335763,2022-06-24,True
587,20220624  05:00:00,11.76,11.76,8,11.76,11.76,2022-06-26 13:51:04.335763,2022-06-24,True
588,20220624  05:05:00,11.56,11.645,2,11.73,11.56,2022-06-26 13:51:04.335763,2022-06-24,True
589,20220624  05:10:00,11.5,11.50267,12,11.53,11.5,2022-06-26 13:51:04.335763,2022-06-24,True
590,20220624  05:15:00,11.5,11.5,0,11.5,11.5,2022-06-26 13:51:04.335763,2022-06-24,True
591,20220624  05:20:00,11.32,11.33,7,11.35,11.32,2022-06-26 13:51:04.335763,2022-06-24,True
592,20220624  05:25:00,11.32,11.32,0,11.32,11.32,2022-06-26 13:51:04.335763,2022-06-24,True
593,20220624  05:30:00,11.32,11.32,0,11.32,11.32,2022-06-26 13:51:04.335763,2022-06-24,True
594,20220624  05:35:00,11.48,11.48,1,11.48,11.48,2022-06-26 13:51:04.335763,2022-06-24,True
595,20220624  05:40:00,11.48,11.48,0,11.48,11.48,2022-06-26 13:51:04.335763,2022-06-24,True
596,20220624  05:45:00,11.48,11.48,0,11.48,11.48,2022-06-26 13:51:04.335763,2022-06-24,True
597,20220624  05:50:00,11.48,11.48,0,11.48,11.48,2022-06-26 13:51:04.335763,2022-06-24,True
598,20220624  05:55:00,11.48,11.47333,3,11.48,11.47,2022-06-26 13:51:04.335763,2022-06-24,True
599,20220624  06:00:00,11.48,11.48,0,11.48,11.48,2022-06-26 13:51:04.335763,2022-06-24,True
600,20220624  06:05:00,11.48,11.48,0,11.48,11.48,2022-06-26 13:51:04.335763,2022-06-24,True
601,20220624  06:10:00,11.48,11.48,0,11.48,11.48,2022-06-26 13:51:04.335763,2022-06-24,True
602,20220624  06:15:00,11.48,11.48,7,11.48,11.48,2022-06-26 13:51:04.335763,2022-06-24,True
603,20220624  06:20:00,11.48,11.48,0,11.48,11.48,2022-06-26 13:51:04.335763,2022-06-24,True
604,20220624  06:25:00,11.48,11.48,0,11.48,11.48,2022-06-26 13:51:04.335763,2022-06-24,True
605,20220624  06:30:00,11.48,11.48,0,11.48,11.48,2022-06-26 13:51:04.335763,2022-06-24,True
606,20220624  06:35:00,11.57,11.59506,3,11.64,11.57,2022-06-26 13:51:04.335763,2022-06-24,True
607,20220624  06:40:00,11.57,11.57,0,11.57,11.57,2022-06-26 13:51:04.336760,2022-06-24,True
608,20220624  06:45:00,11.58,11.58,1,11.58,11.58,2022-06-26 13:51:04.336760,2022-06-24,True
609,20220624  06:50:00,11.58,11.58,0,11.58,11.58,2022-06-26 13:51:04.336760,2022-06-24,True
610,20220624  06:55:00,11.59,11.59,4,11.59,11.59,2022-06-26 13:51:04.336760,2022-06-24,True
611,20220624  07:00:00,11.69,11.62453,10,11.69,11.59,2022-06-26 13:51:04.336760,2022-06-24,True
612,20220624  07:05:00,11.62,11.63,7,11.72,11.61,2022-06-26 13:51:04.336760,2022-06-24,True
613,20220624  07:10:00,11.71,11.70503,16,11.73,11.69,2022-06-26 13:51:04.336760,2022-06-24,True
614,20220624  07:15:00,11.71,11.71,0,11.71,11.71,2022-06-26 13:51:04.336760,2022-06-24,True
615,20220624  07:20:00,11.71,11.71104,9,11.72,11.71,2022-06-26 13:51:04.336760,2022-06-24,True
616,20220624  07:25:00,11.71,11.71,0,11.71,11.71,2022-06-26 13:51:04.336760,2022-06-24,True
617,20220624  07:30:00,11.71,11.71,0,11.71,11.71,2022-06-26 13:51:04.336760,2022-06-24,True
618,20220624  07:35:00,11.69,11.69,1,11.69,11.69,2022-06-26 13:51:04.336760,2022-06-24,True
619,20220624  07:40:00,11.73,11.735,3,11.74,11.73,2022-06-26 13:51:04.336760,2022-06-24,True
620,20220624  07:45:00,11.73,11.73,0,11.73,11.73,2022-06-26 13:51:04.336760,2022-06-24,True
621,20220624  07:50:00,11.64,11.64833,12,11.65,11.64,2022-06-26 13:51:04.336760,2022-06-24,True
622,20220624  07:55:00,11.67,11.67,1,11.67,11.67,2022-06-26 13:51:04.336760,2022-06-24,True
623,20220624  08:00:00,11.79,11.70865,149,11.88,11.51,2022-06-26 13:51:04.336760,2022-06-24,True
624,20220624  08:05:00,11.6,11.64887,15,11.8,11.6,2022-06-26 13:51:04.336760,2022-06-24,True
625,20220624  08:10:00,11.7,11.71216,9,11.77,11.7,2022-06-26 13:51:04.336760,2022-06-24,True
626,20220624  08:15:00,11.6,11.74722,17,11.77,11.6,2022-06-26 13:51:04.336760,2022-06-24,True
627,20220624  08:20:00,11.6,11.61502,22,11.77,11.6,2022-06-26 13:51:04.336760,2022-06-24,True
628,20220624  08:25:00,11.76,11.76,1,11.76,11.76,2022-06-26 13:51:04.336760,2022-06-24,True
629,20220624  08:30:00,11.69,11.68319,22,11.7,11.6101,2022-06-26 13:51:04.336760,2022-06-24,True
630,20220624  08:35:00,11.69,11.67402,16,11.69,11.64,2022-06-26 13:51:04.336760,2022-06-24,True
631,20220624  08:40:00,11.69,11.66701,7,11.69,11.6,2022-06-26 13:51:04.336760,2022-06-24,True
632,20220624  08:45:00,11.65,11.65,28,11.65,11.65,2022-06-26 13:51:04.336760,2022-06-24,True
633,20220624  08:50:00,11.65,11.65,0,11.65,11.65,2022-06-26 13:51:04.336760,2022-06-24,True
634,20220624  08:55:00,11.63,11.61568,8,11.66,11.6,2022-06-26 13:51:04.336760,2022-06-24,True
635,20220624  09:00:00,11.6,11.6,1,11.6,11.6,2022-06-26 13:51:04.336760,2022-06-24,True
636,20220624  09:05:00,11.63,11.62435,29,11.63,11.6,2022-06-26 13:51:04.336760,2022-06-24,True
637,20220624  09:10:00,11.69,11.68551,23,11.7,11.63,2022-06-26 13:51:04.336760,2022-06-24,True
638,20220624  09:15:00,11.58,11.63345,24,11.69,11.58,2022-06-26 13:51:04.337757,2022-06-24,True
639,20220624  09:20:00,11.58,11.58,3,11.58,11.58,2022-06-26 13:51:04.337757,2022-06-24,True
640,20220624  09:25:00,11.65,11.65,4,11.65,11.65,2022-06-26 13:51:04.337757,2022-06-24,True
641,20220624  09:30:00,11.3999,11.43923,667,11.65,11.0301,2022-06-26 13:51:04.337757,2022-06-24,True
642,20220624  09:35:00,11.1678,11.12571,729,11.4,10.89,2022-06-26 13:51:04.337757,2022-06-24,True
643,20220624  09:40:00,10.91,10.99465,514,11.16,10.83,2022-06-26 13:51:04.337757,2022-06-24,True
644,20220624  09:45:00,10.31,10.60431,1277,10.98,10.25,2022-06-26 13:51:04.337757,2022-06-24,True
645,20220624  09:50:00,10.9999,10.7783,1180,11.0,10.3301,2022-06-26 13:51:04.337757,2022-06-24,True
646,20220624  09:55:00,10.9411,10.95796,836,11.1099,10.7101,2022-06-26 13:51:04.337757,2022-06-24,True
647,20220624  10:00:00,10.7909,10.99364,407,11.1,10.75,2022-06-26 13:51:04.337757,2022-06-24,True
648,20220624  10:05:00,10.74,10.79353,232,10.9899,10.6501,2022-06-26 13:51:04.337757,2022-06-24,True
649,20220624  10:10:00,10.5925,10.62753,296,10.75,10.52,2022-06-26 13:51:04.337757,2022-06-24,True
650,20220624  10:15:00,10.7,10.63016,367,10.75,10.5575,2022-06-26 13:51:04.337757,2022-06-24,True
651,20220624  10:20:00,10.777,10.83562,273,10.93,10.7,2022-06-26 13:51:04.337757,2022-06-24,True
652,20220624  10:25:00,10.825,10.85327,250,10.9199,10.7653,2022-06-26 13:51:04.337757,2022-06-24,True
653,20220624  10:30:00,10.83,10.87503,240,10.97,10.8,2022-06-26 13:51:04.337757,2022-06-24,True
654,20220624  10:35:00,10.75,10.79784,126,10.9,10.75,2022-06-26 13:51:04.337757,2022-06-24,True
655,20220624  10:40:00,10.625,10.66624,256,10.7907,10.52,2022-06-26 13:51:04.337757,2022-06-24,True
656,20220624  10:45:00,10.575,10.60121,88,10.65,10.54,2022-06-26 13:51:04.337757,2022-06-24,True
657,20220624  10:50:00,10.42,10.44268,205,10.605,10.35,2022-06-26 13:51:04.337757,2022-06-24,True
658,20220624  10:55:00,10.5,10.4592,183,10.5072,10.4,2022-06-26 13:51:04.337757,2022-06-24,True
659,20220624  11:00:00,10.5882,10.52294,169,10.6198,10.4,2022-06-26 13:51:04.337757,2022-06-24,True
660,20220624  11:05:00,10.6228,10.60009,28,10.6362,10.5501,2022-06-26 13:51:04.337757,2022-06-24,True
661,20220624  11:10:00,10.4618,10.54484,94,10.61,10.4618,2022-06-26 13:51:04.337757,2022-06-24,True
662,20220624  11:15:00,10.5688,10.5416,113,10.5929,10.5001,2022-06-26 13:51:04.337757,2022-06-24,True
663,20220624  11:20:00,10.55,10.54167,63,10.5688,10.51,2022-06-26 13:51:04.337757,2022-06-24,True
664,20220624  11:25:00,10.56,10.51876,209,10.5999,10.4501,2022-06-26 13:51:04.337757,2022-06-24,True
665,20220624  11:30:00,10.58,10.53064,125,10.6,10.46,2022-06-26 13:51:04.337757,2022-06-24,True
666,20220624  11:35:00,10.6992,10.66455,85,10.74,10.6001,2022-06-26 13:51:04.337757,2022-06-24,True
667,20220624  11:40:00,10.793,10.74311,138,10.8715,10.6801,2022-06-26 13:51:04.337757,2022-06-24,True
668,20220624  11:45:00,12.04,11.62418,3102,12.18,10.787,2022-06-26 13:51:04.337757,2022-06-24,True
669,20220624  11:50:00,12.9064,12.4753,7520,13.38,11.9001,2022-06-26 13:51:04.338755,2022-06-24,True
670,20220624  11:55:00,13.0701,12.78702,4629,13.12,12.2801,2022-06-26 13:51:04.338755,2022-06-24,True
671,20220624  12:00:00,12.45,12.70133,3858,13.26,12.2,2022-06-26 13:51:04.338755,2022-06-24,True
672,20220624  12:05:00,12.405,12.50741,3963,12.8,12.26,2022-06-26 13:51:04.338755,2022-06-24,True
673,20220624  12:10:00,12.4799,12.40413,1108,12.5394,12.2801,2022-06-26 13:51:04.338755,2022-06-24,True
674,20220624  12:15:00,12.441,12.53658,1843,12.71,12.37,2022-06-26 13:51:04.338755,2022-06-24,True
675,20220624  12:20:00,12.34,12.22819,983,12.4899,12.05,2022-06-26 13:51:04.338755,2022-06-24,True
676,20220624  12:25:00,12.5501,12.4736,1795,12.67,12.22,2022-06-26 13:51:04.338755,2022-06-24,True
677,20220624  12:30:00,12.7719,12.70656,2816,12.8496,12.55,2022-06-26 13:51:04.338755,2022-06-24,True
678,20220624  12:35:00,12.6499,12.69575,765,12.89,12.45,2022-06-26 13:51:04.338755,2022-06-24,True
679,20220624  12:40:00,12.6009,12.57011,664,12.6999,12.44,2022-06-26 13:51:04.338755,2022-06-24,True
680,20220624  12:45:00,12.5,12.53998,487,12.6499,12.45,2022-06-26 13:51:04.338755,2022-06-24,True
681,20220624  12:50:00,13.0526,12.90212,2376,13.2,12.4609,2022-06-26 13:51:04.338755,2022-06-24,True
682,20220624  12:55:00,13.215,13.15753,3170,13.4299,12.85,2022-06-26 13:51:04.338755,2022-06-24,True
683,20220624  13:00:00,13.424,13.45818,4459,13.73,13.12,2022-06-26 13:51:04.338755,2022-06-24,True
684,20220624  13:05:00,13.115,13.31343,1728,13.5537,13.01,2022-06-26 13:51:04.338755,2022-06-24,True
685,20220624  13:10:00,13.281,13.28203,1131,13.44,13.1041,2022-06-26 13:51:04.338755,2022-06-24,True
686,20220624  13:15:00,13.81,13.63414,4195,13.88,13.3,2022-06-26 13:51:04.338755,2022-06-24,True
687,20220624  13:20:00,14.65,14.2755,7253,14.79,13.8,2022-06-26 13:51:04.338755,2022-06-24,True
688,20220624  13:25:00,14.79,15.01099,6626,15.33,14.54,2022-06-26 13:51:04.338755,2022-06-24,True
689,20220624  13:30:00,14.9093,14.90715,5715,15.22,14.37,2022-06-26 13:51:04.338755,2022-06-24,True
690,20220624  13:35:00,14.7222,14.95235,4743,15.22,14.6,2022-06-26 13:51:04.338755,2022-06-24,True
691,20220624  13:40:00,14.85,14.8424,3266,15.03,14.6,2022-06-26 13:51:04.338755,2022-06-24,True
692,20220624  13:45:00,14.8065,14.92703,4137,15.2,14.7,2022-06-26 13:51:04.338755,2022-06-24,True
693,20220624  13:50:00,14.3149,14.49202,2867,14.84,14.31,2022-06-26 13:51:04.338755,2022-06-24,True
694,20220624  13:55:00,14.21,14.20989,3040,14.4,14.0164,2022-06-26 13:51:04.338755,2022-06-24,True
695,20220624  14:00:00,14.33,14.17316,3536,14.3842,13.91,2022-06-26 13:51:04.338755,2022-06-24,True
696,20220624  14:05:00,14.0399,13.95227,2512,14.32,13.75,2022-06-26 13:51:04.338755,2022-06-24,True
697,20220624  14:10:00,14.1,13.9916,1885,14.14,13.8,2022-06-26 13:51:04.338755,2022-06-24,True
698,20220624  14:15:00,14.25,14.23016,2197,14.4,14.07,2022-06-26 13:51:04.338755,2022-06-24,True
699,20220624  14:20:00,14.295,14.26906,1623,14.39,14.1001,2022-06-26 13:51:04.338755,2022-06-24,True
700,20220624  14:25:00,14.4456,14.34819,2133,14.6,14.15,2022-06-26 13:51:04.339752,2022-06-24,True
701,20220624  14:30:00,14.32,14.49278,2167,14.75,14.27,2022-06-26 13:51:04.339752,2022-06-24,True
702,20220624  14:35:00,14.3901,14.2751,999,14.5,14.2,2022-06-26 13:51:04.339752,2022-06-24,True
703,20220624  14:40:00,13.6207,13.96365,2220,14.48,13.51,2022-06-26 13:51:04.339752,2022-06-24,True
704,20220624  14:45:00,13.835,13.72437,1718,13.89,13.47,2022-06-26 13:51:04.339752,2022-06-24,True
705,20220624  14:50:00,13.86,13.73048,1047,13.88,13.5406,2022-06-26 13:51:04.339752,2022-06-24,True
706,20220624  14:55:00,13.2817,13.43796,2451,13.9,13.1,2022-06-26 13:51:04.339752,2022-06-24,True
707,20220624  15:00:00,13.08,13.05506,990,13.3,12.88,2022-06-26 13:51:04.339752,2022-06-24,True
708,20220624  15:05:00,12.94,13.02521,1269,13.14,12.9051,2022-06-26 13:51:04.339752,2022-06-24,True
709,20220624  15:10:00,12.96,12.96138,1085,13.09,12.8,2022-06-26 13:51:04.339752,2022-06-24,True
710,20220624  15:15:00,13.05,13.05245,873,13.19,12.93,2022-06-26 13:51:04.339752,2022-06-24,True
711,20220624  15:20:00,13.1,13.19205,1445,13.349,12.9,2022-06-26 13:51:04.339752,2022-06-24,True
712,20220624  15:25:00,13.1067,13.1323,737,13.2645,12.9545,2022-06-26 13:51:04.339752,2022-06-24,True
713,20220624  15:30:00,12.8185,12.94706,241,13.11,12.8,2022-06-26 13:51:04.339752,2022-06-24,True
714,20220624  15:35:00,13.01,12.96801,228,13.1,12.8523,2022-06-26 13:51:04.339752,2022-06-24,True
715,20220624  15:40:00,12.96,13.08175,444,13.2,12.93,2022-06-26 13:51:04.339752,2022-06-24,True
716,20220624  15:45:00,12.8701,12.88762,180,12.9999,12.85,2022-06-26 13:51:04.339752,2022-06-24,True
717,20220624  15:50:00,12.7947,12.78731,644,12.91,12.6,2022-06-26 13:51:04.339752,2022-06-24,True
718,20220624  15:55:00,12.5518,12.65476,844,12.9,12.5,2022-06-26 13:51:04.339752,2022-06-24,
